customerID,churn_probability,risk_band,top_drivers,actionable_reasons,suggested_action,actual_churn
5178-LMXOP,0.9511,Critical,"tenure, monthly_vs_avg, InternetService_Fiber optic","monthly_vs_avg, InternetService_Fiber optic, Contract_Month-to-month",Review recent price change; offer a loyalty credit,1
0295-PPHDO,0.9407,Critical,"tenure, monthly_vs_avg, InternetService_Fiber optic","monthly_vs_avg, InternetService_Fiber optic, Contract_Month-to-month",Review recent price change; offer a loyalty credit,1
1069-XAIEM,0.9243,Critical,"tenure, monthly_vs_avg, InternetService_Fiber optic","monthly_vs_avg, InternetService_Fiber optic, Contract_Month-to-month",Review recent price change; offer a loyalty credit,1
7181-BQYBV,0.9182,Critical,"tenure, monthly_vs_avg, n_services","monthly_vs_avg, n_services, InternetService_Fiber optic",Review recent price change; offer a loyalty credit,1
3722-WPXTK,0.9131,Critical,"tenure, monthly_vs_avg, InternetService_Fiber optic","monthly_vs_avg, InternetService_Fiber optic, Contract_Month-to-month",Review recent price change; offer a loyalty credit,1
0970-ETWGE,0.9117,Critical,"tenure, monthly_vs_avg, InternetService_Fiber optic","monthly_vs_avg, InternetService_Fiber optic, Contract_Month-to-month",Review recent price change; offer a loyalty credit,1
6230-BSUXY,0.895,Critical,"tenure, monthly_vs_avg, InternetService_Fiber optic","monthly_vs_avg, InternetService_Fiber optic, Contract_Month-to-month",Review recent price change; offer a loyalty credit,1
6857-VWJDT,0.8882,Critical,"tenure, monthly_vs_avg, InternetService_Fiber optic","monthly_vs_avg, InternetService_Fiber optic, Contract_Month-to-month",Review recent price change; offer a loyalty credit,1
9248-OJYKK,0.8872,Critical,"tenure, monthly_vs_avg, charges_per_month","monthly_vs_avg, InternetService_Fiber optic, Contract_Month-to-month",Review recent price change; offer a loyalty credit,1
4927-WWOOZ,0.8821,Critical,"tenure, monthly_vs_avg, InternetService_Fiber optic","monthly_vs_avg, InternetService_Fiber optic, Contract_Month-to-month",Review recent price change; offer a loyalty credit,0
2202-CUYXZ,0.8798,Critical,"tenure, monthly_vs_avg, InternetService_Fiber optic","monthly_vs_avg, InternetService_Fiber optic, Contract_Month-to-month",Review recent price change; offer a loyalty credit,1
4415-IJZTP,0.8748,Critical,"tenure, monthly_vs_avg, charges_per_month","monthly_vs_avg, InternetService_Fiber optic, Contract_Month-to-month",Review recent price change; offer a loyalty credit,1
2514-GINMM,0.8716,Critical,"tenure, monthly_vs_avg, InternetService_Fiber optic","monthly_vs_avg, InternetService_Fiber optic, Contract_Month-to-month",Review recent price change; offer a loyalty credit,1
2609-IAICY,0.8707,Critical,"tenure, monthly_vs_avg, charges_per_month","monthly_vs_avg, InternetService_Fiber optic, Contract_Month-to-month",Review recent price change; offer a loyalty credit,1
2034-GDRCN,0.869,Critical,"tenure, monthly_vs_avg, InternetService_Fiber optic","monthly_vs_avg, InternetService_Fiber optic, Contract_Month-to-month",Review recent price change; offer a loyalty credit,1
5167-ZFFMM,0.8678,Critical,"tenure, monthly_vs_avg, InternetService_Fiber optic","monthly_vs_avg, InternetService_Fiber optic, Contract_Month-to-month",Review recent price change; offer a loyalty credit,1
1628-BIZYP,0.8614,Critical,"tenure, monthly_vs_avg, InternetService_Fiber optic","monthly_vs_avg, InternetService_Fiber optic, Contract_Month-to-month",Review recent price change; offer a loyalty credit,0
1143-NMNQJ,0.8593,Critical,"tenure, InternetService_Fiber optic, monthly_vs_avg","InternetService_Fiber optic, monthly_vs_avg, Contract_Month-to-month",Check fiber quality & price; offer a plan review,1
7218-HKQFK,0.8569,Critical,"tenure, monthly_vs_avg, InternetService_Fiber optic","monthly_vs_avg, InternetService_Fiber optic, Contract_Month-to-month",Review recent price change; offer a loyalty credit,1
9057-SIHCH,0.8562,Critical,"tenure, InternetService_Fiber optic, monthly_vs_avg","InternetService_Fiber optic, monthly_vs_avg, Contract_Month-to-month",Check fiber quality & price; offer a plan review,1
7180-PISOG,0.8556,Critical,"tenure, monthly_vs_avg, charges_per_month","monthly_vs_avg, InternetService_Fiber optic, Contract_Month-to-month",Review recent price change; offer a loyalty credit,1
8775-ERLNB,0.855,Critical,"tenure, monthly_vs_avg, charges_per_month","monthly_vs_avg, InternetService_Fiber optic, Contract_Month-to-month",Review recent price change; offer a loyalty credit,0
1400-MMYXY,0.8539,Critical,"tenure, n_services, InternetService_Fiber optic","n_services, InternetService_Fiber optic, Contract_Month-to-month",Check fiber quality & price; offer a plan review,1
4587-VVTOX,0.8539,Critical,"tenure, n_services, InternetService_Fiber optic","n_services, InternetService_Fiber optic, monthly_vs_avg",Check fiber quality & price; offer a plan review,1
6630-UJZMY,0.8526,Critical,"tenure, InternetService_Fiber optic, Contract_Month-to-month","InternetService_Fiber optic, Contract_Month-to-month, monthly_vs_avg",Check fiber quality & price; offer a plan review,0
2545-EBUPK,0.8517,Critical,"tenure, InternetService_Fiber optic, Contract_Month-to-month","InternetService_Fiber optic, Contract_Month-to-month, monthly_vs_avg",Check fiber quality & price; offer a plan review,0
9611-CTWIH,0.8472,Critical,"tenure, monthly_vs_avg, InternetService_Fiber optic","monthly_vs_avg, InternetService_Fiber optic, Contract_Month-to-month",Review recent price change; offer a loyalty credit,1
6861-XWTWQ,0.8442,Critical,"tenure, InternetService_Fiber optic, n_services","InternetService_Fiber optic, n_services, Contract_Month-to-month",Check fiber quality & price; offer a plan review,1
8375-DKEBR,0.8384,Critical,"tenure, monthly_vs_avg, charges_per_month","monthly_vs_avg, InternetService_Fiber optic, Contract_Month-to-month",Review recent price change; offer a loyalty credit,1
3707-GNWHM,0.8363,Critical,"tenure, monthly_vs_avg, charges_per_month","monthly_vs_avg, InternetService_Fiber optic, Contract_Month-to-month",Review recent price change; offer a loyalty credit,1
9507-EXLTT,0.8361,Critical,"tenure, monthly_vs_avg, InternetService_Fiber optic","monthly_vs_avg, InternetService_Fiber optic, Contract_Month-to-month",Review recent price change; offer a loyalty credit,1
6372-RFVNS,0.8328,Critical,"tenure, monthly_vs_avg, InternetService_Fiber optic","monthly_vs_avg, InternetService_Fiber optic, Contract_Month-to-month",Review recent price change; offer a loyalty credit,1
0235-KGSLC,0.8328,Critical,"tenure, monthly_vs_avg, InternetService_Fiber optic","monthly_vs_avg, InternetService_Fiber optic, Contract_Month-to-month",Review recent price change; offer a loyalty credit,1
6023-YEBUP,0.8327,Critical,"tenure, InternetService_Fiber optic, n_services","InternetService_Fiber optic, n_services, Contract_Month-to-month",Check fiber quality & price; offer a plan review,1
2865-TCHJW,0.8321,Critical,"tenure, InternetService_Fiber optic, Contract_Month-to-month","InternetService_Fiber optic, Contract_Month-to-month, InternetService_DSL",Check fiber quality & price; offer a plan review,1
3006-XIMLN,0.8244,Critical,"tenure, monthly_vs_avg, InternetService_Fiber optic","monthly_vs_avg, InternetService_Fiber optic, Contract_Month-to-month",Review recent price change; offer a loyalty credit,1
2254-DLXRI,0.8241,Critical,"tenure, monthly_vs_avg, InternetService_Fiber optic","monthly_vs_avg, InternetService_Fiber optic, Contract_Month-to-month",Review recent price change; offer a loyalty credit,0
8884-ADFVN,0.8238,Critical,"tenure, InternetService_Fiber optic, n_services","InternetService_Fiber optic, n_services, Contract_Month-to-month",Check fiber quality & price; offer a plan review,1
2867-UIMSS,0.8229,Critical,"tenure, monthly_vs_avg, InternetService_Fiber optic","monthly_vs_avg, InternetService_Fiber optic, Contract_Month-to-month",Review recent price change; offer a loyalty credit,1
3716-BDVDB,0.8187,Critical,"tenure, charges_per_month, monthly_vs_avg","monthly_vs_avg, InternetService_Fiber optic, Contract_Month-to-month",Review recent price change; offer a loyalty credit,1
1820-TQVEV,0.8178,Critical,"tenure, monthly_vs_avg, charges_per_month","monthly_vs_avg, InternetService_Fiber optic, Contract_Month-to-month",Review recent price change; offer a loyalty credit,1
5542-TBBWB,0.817,Critical,"tenure, monthly_vs_avg, charges_per_month","monthly_vs_avg, InternetService_Fiber optic, Contract_Month-to-month",Review recent price change; offer a loyalty credit,0
9804-ICWBG,0.817,Critical,"tenure, monthly_vs_avg, charges_per_month","monthly_vs_avg, InternetService_Fiber optic, Contract_Month-to-month",Review recent price change; offer a loyalty credit,1
3244-DCJWY,0.8163,Critical,"tenure, monthly_vs_avg, charges_per_month","monthly_vs_avg, InternetService_Fiber optic, Contract_Month-to-month",Review recent price change; offer a loyalty credit,1
5376-DEQCP,0.8155,Critical,"tenure, monthly_vs_avg, charges_per_month","monthly_vs_avg, InternetService_Fiber optic, Contract_Month-to-month",Review recent price change; offer a loyalty credit,1
0679-IDSTG,0.8155,Critical,"tenure, charges_per_month, monthly_vs_avg","monthly_vs_avg, InternetService_Fiber optic, Contract_Month-to-month",Review recent price change; offer a loyalty credit,1
8593-WHYHV,0.8066,Critical,"tenure, InternetService_Fiber optic, Contract_Month-to-month","InternetService_Fiber optic, Contract_Month-to-month, InternetService_DSL",Check fiber quality & price; offer a plan review,1
8821-XNHVZ,0.8061,Critical,"tenure, monthly_vs_avg, InternetService_Fiber optic","monthly_vs_avg, InternetService_Fiber optic, Contract_Month-to-month",Review recent price change; offer a loyalty credit,1
7409-KIUTL,0.8035,Critical,"tenure, monthly_vs_avg, charges_per_month","monthly_vs_avg, InternetService_Fiber optic, Contract_Month-to-month",Review recent price change; offer a loyalty credit,1
5196-SGOAK,0.8017,Critical,"tenure, monthly_vs_avg, charges_per_month","monthly_vs_avg, InternetService_Fiber optic, Contract_Month-to-month",Review recent price change; offer a loyalty credit,1
1448-PWKYE,0.7987,Critical,"tenure, monthly_vs_avg, InternetService_Fiber optic","monthly_vs_avg, InternetService_Fiber optic, Contract_Month-to-month",Review recent price change; offer a loyalty credit,1
0390-DCFDQ,0.7976,Critical,"tenure, monthly_vs_avg, charges_per_month","monthly_vs_avg, InternetService_Fiber optic, Contract_Month-to-month",Review recent price change; offer a loyalty credit,1
4115-NZRKS,0.7918,Critical,"tenure, InternetService_Fiber optic, Contract_Month-to-month","InternetService_Fiber optic, Contract_Month-to-month, InternetService_DSL",Check fiber quality & price; offer a plan review,0
4750-ZRXIU,0.7915,Critical,"tenure, InternetService_Fiber optic, Contract_Month-to-month","InternetService_Fiber optic, Contract_Month-to-month, InternetService_DSL",Check fiber quality & price; offer a plan review,1
1853-UDXBW,0.7908,Critical,"tenure, monthly_vs_avg, charges_per_month","monthly_vs_avg, InternetService_Fiber optic, Contract_Month-to-month",Review recent price change; offer a loyalty credit,1
5052-PNLOS,0.7905,Critical,"tenure, n_services, InternetService_Fiber optic","n_services, InternetService_Fiber optic, monthly_vs_avg",Check fiber quality & price; offer a plan review,1
3422-LYEPQ,0.7885,Critical,"tenure, monthly_vs_avg, charges_per_month","monthly_vs_avg, InternetService_Fiber optic, Contract_Month-to-month",Review recent price change; offer a loyalty credit,1
3750-CKVKH,0.7876,Critical,"tenure, charges_per_month, InternetService_Fiber optic","InternetService_Fiber optic, monthly_vs_avg, Contract_Month-to-month",Check fiber quality & price; offer a plan review,1
5186-SAMNZ,0.7871,Critical,"tenure, monthly_vs_avg, charges_per_month","monthly_vs_avg, InternetService_Fiber optic, Contract_Month-to-month",Review recent price change; offer a loyalty credit,1
4090-KPJIP,0.7863,Critical,"tenure, InternetService_Fiber optic, Contract_Month-to-month","InternetService_Fiber optic, Contract_Month-to-month, monthly_vs_avg",Check fiber quality & price; offer a plan review,0
6856-RAURS,0.7857,Critical,"tenure, monthly_vs_avg, InternetService_Fiber optic","monthly_vs_avg, InternetService_Fiber optic, Contract_Month-to-month",Review recent price change; offer a loyalty credit,0
8083-YTZES,0.7815,Critical,"tenure, InternetService_Fiber optic, Contract_Month-to-month","InternetService_Fiber optic, Contract_Month-to-month, monthly_vs_avg",Check fiber quality & price; offer a plan review,1
3320-VEOYC,0.7801,Critical,"tenure, InternetService_Fiber optic, Contract_Month-to-month","InternetService_Fiber optic, Contract_Month-to-month, InternetService_DSL",Check fiber quality & price; offer a plan review,0
9878-TNQGW,0.7788,Critical,"tenure, InternetService_Fiber optic, monthly_vs_avg","InternetService_Fiber optic, monthly_vs_avg, Contract_Month-to-month",Check fiber quality & price; offer a plan review,1
8380-PEFPE,0.7778,Critical,"tenure, monthly_vs_avg, charges_per_month","monthly_vs_avg, InternetService_Fiber optic, Contract_Month-to-month",Review recent price change; offer a loyalty credit,1
7817-BOQPW,0.7765,Critical,"tenure, InternetService_Fiber optic, Contract_Month-to-month","InternetService_Fiber optic, Contract_Month-to-month, InternetService_DSL",Check fiber quality & price; offer a plan review,1
1320-HTRDR,0.7737,Critical,"tenure, InternetService_Fiber optic, Contract_Month-to-month","InternetService_Fiber optic, Contract_Month-to-month, InternetService_DSL",Check fiber quality & price; offer a plan review,1
8258-GSTJK,0.7728,Critical,"tenure, InternetService_Fiber optic, Contract_Month-to-month","InternetService_Fiber optic, Contract_Month-to-month, InternetService_DSL",Check fiber quality & price; offer a plan review,1
7198-GLXTC,0.7703,Critical,"tenure, monthly_vs_avg, InternetService_Fiber optic","monthly_vs_avg, InternetService_Fiber optic, Contract_Month-to-month",Review recent price change; offer a loyalty credit,1
8739-XNIKG,0.7685,Critical,"tenure, InternetService_Fiber optic, Contract_Month-to-month","InternetService_Fiber optic, Contract_Month-to-month, InternetService_DSL",Check fiber quality & price; offer a plan review,0
9940-RHLFB,0.7684,Critical,"tenure, monthly_vs_avg, charges_per_month","monthly_vs_avg, InternetService_Fiber optic, Contract_Month-to-month",Review recent price change; offer a loyalty credit,1
7235-NXZCP,0.7674,Critical,"tenure, InternetService_Fiber optic, Contract_Month-to-month","InternetService_Fiber optic, Contract_Month-to-month, monthly_vs_avg",Check fiber quality & price; offer a plan review,1
3877-JRJIP,0.7663,Critical,"tenure, charges_per_month, monthly_vs_avg","monthly_vs_avg, Contract_Month-to-month, Contract_Two year",Review recent price change; offer a loyalty credit,1
6910-HADCM,0.7658,Critical,"tenure, monthly_vs_avg, charges_per_month","monthly_vs_avg, InternetService_Fiber optic, Contract_Month-to-month",Review recent price change; offer a loyalty credit,1
8622-ZLFKO,0.7621,Critical,"tenure, InternetService_Fiber optic, Contract_Month-to-month","InternetService_Fiber optic, Contract_Month-to-month, InternetService_DSL",Check fiber quality & price; offer a plan review,0
8161-QYMTT,0.7602,Critical,"tenure, InternetService_Fiber optic, Contract_Month-to-month","InternetService_Fiber optic, Contract_Month-to-month, InternetService_DSL",Check fiber quality & price; offer a plan review,0
4342-HENTK,0.7599,Critical,"tenure, InternetService_Fiber optic, monthly_vs_avg","InternetService_Fiber optic, monthly_vs_avg, Contract_Month-to-month",Check fiber quality & price; offer a plan review,1
9334-GWGOW,0.7546,Critical,"tenure, InternetService_Fiber optic, Contract_Month-to-month","InternetService_Fiber optic, Contract_Month-to-month, InternetService_DSL",Check fiber quality & price; offer a plan review,0
4713-LZDRV,0.7509,Critical,"tenure, InternetService_Fiber optic, Contract_Month-to-month","InternetService_Fiber optic, Contract_Month-to-month, InternetService_DSL",Check fiber quality & price; offer a plan review,1
2959-MJHIC,0.748,Critical,"tenure, InternetService_Fiber optic, Contract_Month-to-month","InternetService_Fiber optic, Contract_Month-to-month, InternetService_DSL",Check fiber quality & price; offer a plan review,1
3721-CNEYS,0.7431,Critical,"tenure, InternetService_Fiber optic, monthly_vs_avg","InternetService_Fiber optic, monthly_vs_avg, Contract_Month-to-month",Check fiber quality & price; offer a plan review,1
0841-NULXI,0.7426,Critical,"tenure, charges_per_month, MonthlyCharges","MonthlyCharges, Contract_Month-to-month, Contract_Two year",Review plan pricing; offer a cheaper bundle,1
8752-STIVR,0.7426,Critical,"tenure, InternetService_Fiber optic, Contract_Month-to-month","InternetService_Fiber optic, Contract_Month-to-month, InternetService_DSL",Check fiber quality & price; offer a plan review,1
0432-CAJZV,0.7417,Critical,"tenure, monthly_vs_avg, InternetService_Fiber optic","monthly_vs_avg, InternetService_Fiber optic, Contract_Month-to-month",Review recent price change; offer a loyalty credit,0
6969-MVBAI,0.74,Critical,"tenure, InternetService_Fiber optic, Contract_Month-to-month","InternetService_Fiber optic, Contract_Month-to-month, InternetService_DSL",Check fiber quality & price; offer a plan review,0
6328-ZPBGN,0.7399,Critical,"tenure, InternetService_Fiber optic, Contract_Month-to-month","InternetService_Fiber optic, Contract_Month-to-month, InternetService_DSL",Check fiber quality & price; offer a plan review,1
7249-WBIYX,0.7375,Critical,"tenure, InternetService_Fiber optic, Contract_Month-to-month","InternetService_Fiber optic, Contract_Month-to-month, InternetService_DSL",Check fiber quality & price; offer a plan review,1
1731-TVIUK,0.7338,Critical,"tenure, InternetService_Fiber optic, n_services","InternetService_Fiber optic, n_services, Contract_Month-to-month",Check fiber quality & price; offer a plan review,1
9717-QEBGU,0.728,Critical,"tenure, InternetService_Fiber optic, Contract_Month-to-month","InternetService_Fiber optic, Contract_Month-to-month, monthly_vs_avg",Check fiber quality & price; offer a plan review,0
5159-YFPKQ,0.7219,Critical,"tenure, InternetService_Fiber optic, Contract_Month-to-month","InternetService_Fiber optic, Contract_Month-to-month, monthly_vs_avg",Check fiber quality & price; offer a plan review,1
3519-ZKXGG,0.7217,Critical,"tenure, InternetService_Fiber optic, Contract_Month-to-month","InternetService_Fiber optic, Contract_Month-to-month, InternetService_DSL",Check fiber quality & price; offer a plan review,1
8245-UMPYT,0.7216,Critical,"tenure, InternetService_Fiber optic, Contract_Month-to-month","InternetService_Fiber optic, Contract_Month-to-month, InternetService_DSL",Check fiber quality & price; offer a plan review,1
2027-FECZV,0.7191,Critical,"tenure, n_services, InternetService_Fiber optic","n_services, InternetService_Fiber optic, Contract_Month-to-month",Check fiber quality & price; offer a plan review,1
6077-BDPXA,0.7182,Critical,"tenure, InternetService_Fiber optic, Contract_Month-to-month","InternetService_Fiber optic, Contract_Month-to-month, monthly_vs_avg",Check fiber quality & price; offer a plan review,0
0655-RBDUG,0.7171,Critical,"tenure, InternetService_Fiber optic, n_services","InternetService_Fiber optic, n_services, Contract_Month-to-month",Check fiber quality & price; offer a plan review,1
2495-INZWQ,0.7164,Critical,"tenure, charges_per_month, Contract_Month-to-month","Contract_Month-to-month, MonthlyCharges, Contract_Two year",Offer discount for a 1-year contract,1
4806-KEXQR,0.7143,Critical,"tenure, InternetService_Fiber optic, Contract_Month-to-month","InternetService_Fiber optic, Contract_Month-to-month, InternetService_DSL",Check fiber quality & price; offer a plan review,1
2077-MPJQO,0.7131,Critical,"tenure, InternetService_Fiber optic, Contract_Month-to-month","InternetService_Fiber optic, Contract_Month-to-month, InternetService_DSL",Check fiber quality & price; offer a plan review,0
8443-ZRDBZ,0.7088,Critical,"tenure, InternetService_Fiber optic, Contract_Month-to-month","InternetService_Fiber optic, Contract_Month-to-month, InternetService_DSL",Check fiber quality & price; offer a plan review,1
6892-XPFPU,0.7084,Critical,"n_services, InternetService_Fiber optic, tenure","n_services, InternetService_Fiber optic, Contract_Month-to-month",Check fiber quality & price; offer a plan review,1
2485-ITVKB,0.7082,Critical,"tenure, charges_per_month, MonthlyCharges","MonthlyCharges, Contract_Month-to-month, Contract_Two year",Review plan pricing; offer a cheaper bundle,1
9747-DDZOS,0.7077,Critical,"tenure, monthly_vs_avg, charges_per_month","monthly_vs_avg, InternetService_Fiber optic, Contract_Month-to-month",Review recent price change; offer a loyalty credit,1
7029-RPUAV,0.7067,Critical,"tenure, InternetService_Fiber optic, n_services","InternetService_Fiber optic, n_services, Contract_Month-to-month",Check fiber quality & price; offer a plan review,1
0388-EOPEX,0.7066,Critical,"tenure, InternetService_Fiber optic, monthly_vs_avg","InternetService_Fiber optic, monthly_vs_avg, Contract_Month-to-month",Check fiber quality & price; offer a plan review,1
3292-PBZEJ,0.7045,Critical,"tenure, n_services, InternetService_Fiber optic","n_services, InternetService_Fiber optic, Contract_Month-to-month",Check fiber quality & price; offer a plan review,0
2761-OCIAX,0.7044,Critical,"tenure, InternetService_Fiber optic, Contract_Month-to-month","InternetService_Fiber optic, Contract_Month-to-month, InternetService_DSL",Check fiber quality & price; offer a plan review,1
8361-LTMKD,0.7016,Critical,"tenure, InternetService_Fiber optic, Contract_Month-to-month","InternetService_Fiber optic, Contract_Month-to-month, InternetService_DSL",Check fiber quality & price; offer a plan review,1
9221-OTIVJ,0.7001,Critical,"tenure, n_services, InternetService_Fiber optic","n_services, InternetService_Fiber optic, Contract_Month-to-month",Check fiber quality & price; offer a plan review,1
5698-BQJOH,0.6927,Critical,"tenure, InternetService_Fiber optic, Contract_Month-to-month","InternetService_Fiber optic, Contract_Month-to-month, InternetService_DSL",Check fiber quality & price; offer a plan review,1
7130-VTEWQ,0.6918,Critical,"tenure, InternetService_Fiber optic, Contract_Month-to-month","InternetService_Fiber optic, Contract_Month-to-month, InternetService_DSL",Check fiber quality & price; offer a plan review,1
5357-TZHPP,0.6901,Critical,"tenure, InternetService_Fiber optic, Contract_Month-to-month","InternetService_Fiber optic, Contract_Month-to-month, InternetService_DSL",Check fiber quality & price; offer a plan review,1
0004-TLHLJ,0.6895,Critical,"tenure, InternetService_Fiber optic, Contract_Month-to-month","InternetService_Fiber optic, Contract_Month-to-month, InternetService_DSL",Check fiber quality & price; offer a plan review,1
3030-YDNRM,0.6885,Critical,"tenure, InternetService_Fiber optic, Contract_Month-to-month","InternetService_Fiber optic, Contract_Month-to-month, InternetService_DSL",Check fiber quality & price; offer a plan review,0
1768-ZAIFU,0.6879,Critical,"tenure, charges_per_month, MonthlyCharges","MonthlyCharges, Contract_Month-to-month, Contract_Two year",Review plan pricing; offer a cheaper bundle,1
4735-ASGMA,0.6854,Critical,"InternetService_Fiber optic, n_services, Contract_Month-to-month","InternetService_Fiber optic, n_services, Contract_Month-to-month",Check fiber quality & price; offer a plan review,1
3199-XGZCY,0.6852,Critical,"tenure, InternetService_Fiber optic, Contract_Month-to-month","InternetService_Fiber optic, Contract_Month-to-month, InternetService_DSL",Check fiber quality & price; offer a plan review,0
7952-OBOYL,0.6834,Critical,"tenure, InternetService_Fiber optic, monthly_vs_avg","InternetService_Fiber optic, monthly_vs_avg, Contract_Month-to-month",Check fiber quality & price; offer a plan review,0
6137-NICCO,0.6801,Critical,"tenure, InternetService_Fiber optic, n_services","InternetService_Fiber optic, n_services, Contract_Month-to-month",Check fiber quality & price; offer a plan review,0
7273-TEFQD,0.6797,Critical,"tenure, charges_per_month, MonthlyCharges","MonthlyCharges, Contract_Month-to-month, Contract_Two year",Review plan pricing; offer a cheaper bundle,1
8873-GLDMH,0.6787,Critical,"tenure, InternetService_Fiber optic, Contract_Month-to-month","InternetService_Fiber optic, Contract_Month-to-month, InternetService_DSL",Check fiber quality & price; offer a plan review,0
5501-TVMGM,0.6786,Critical,"tenure, charges_per_month, monthly_vs_avg","monthly_vs_avg, Contract_Month-to-month, Contract_Two year",Review recent price change; offer a loyalty credit,0
3063-QFSZL,0.6782,Critical,"tenure, charges_per_month, monthly_vs_avg","monthly_vs_avg, Contract_Month-to-month, Contract_Two year",Review recent price change; offer a loyalty credit,1
7571-YXDAD,0.6751,Critical,"tenure, InternetService_Fiber optic, monthly_vs_avg","InternetService_Fiber optic, monthly_vs_avg, Contract_Month-to-month",Check fiber quality & price; offer a plan review,1
2737-YNGYW,0.6737,Critical,"tenure, InternetService_Fiber optic, Contract_Month-to-month","InternetService_Fiber optic, Contract_Month-to-month, InternetService_DSL",Check fiber quality & price; offer a plan review,1
6047-YHPVI,0.6733,Critical,"tenure, InternetService_Fiber optic, Contract_Month-to-month","InternetService_Fiber optic, Contract_Month-to-month, InternetService_DSL",Check fiber quality & price; offer a plan review,1
4229-CZMLL,0.6715,Critical,"tenure, InternetService_Fiber optic, Contract_Month-to-month","InternetService_Fiber optic, Contract_Month-to-month, InternetService_DSL",Check fiber quality & price; offer a plan review,1
6376-GAHQE,0.6707,Critical,"tenure, InternetService_Fiber optic, Contract_Month-to-month","InternetService_Fiber optic, Contract_Month-to-month, InternetService_DSL",Check fiber quality & price; offer a plan review,1
1024-GUALD,0.6689,Critical,"tenure, charges_per_month, MonthlyCharges","MonthlyCharges, Contract_Month-to-month, Contract_Two year",Review plan pricing; offer a cheaper bundle,1
8266-VBFQL,0.6676,Critical,"tenure, InternetService_Fiber optic, Contract_Month-to-month","InternetService_Fiber optic, Contract_Month-to-month, InternetService_DSL",Check fiber quality & price; offer a plan review,0
4706-AXVKM,0.6628,Critical,"tenure, InternetService_Fiber optic, Contract_Month-to-month","InternetService_Fiber optic, Contract_Month-to-month, InternetService_DSL",Check fiber quality & price; offer a plan review,1
0923-PNFUB,0.6622,Critical,"tenure, InternetService_Fiber optic, Contract_Month-to-month","InternetService_Fiber optic, Contract_Month-to-month, monthly_vs_avg",Check fiber quality & price; offer a plan review,1
5442-BHQNG,0.6617,Critical,"tenure, InternetService_Fiber optic, monthly_vs_avg","InternetService_Fiber optic, monthly_vs_avg, Contract_Month-to-month",Check fiber quality & price; offer a plan review,0
1980-KXVPM,0.6614,Critical,"tenure, InternetService_Fiber optic, Contract_Month-to-month","InternetService_Fiber optic, Contract_Month-to-month, InternetService_DSL",Check fiber quality & price; offer a plan review,1
0258-NOKBL,0.6608,Critical,"tenure, InternetService_Fiber optic, monthly_vs_avg","InternetService_Fiber optic, monthly_vs_avg, Contract_Month-to-month",Check fiber quality & price; offer a plan review,0
5382-SOYZL,0.6586,Critical,"InternetService_Fiber optic, tenure, Contract_Month-to-month","InternetService_Fiber optic, Contract_Month-to-month, InternetService_DSL",Check fiber quality & price; offer a plan review,0
6979-ZNSFF,0.6565,Critical,"tenure, InternetService_Fiber optic, Contract_Month-to-month","InternetService_Fiber optic, Contract_Month-to-month, InternetService_DSL",Check fiber quality & price; offer a plan review,1
8676-TRMJS,0.6557,Critical,"tenure, InternetService_Fiber optic, Contract_Month-to-month","InternetService_Fiber optic, Contract_Month-to-month, monthly_vs_avg",Check fiber quality & price; offer a plan review,1
2665-NPTGL,0.6552,Critical,"InternetService_Fiber optic, n_services, Contract_Month-to-month","InternetService_Fiber optic, n_services, Contract_Month-to-month",Check fiber quality & price; offer a plan review,0
6705-LXORM,0.6545,Critical,"tenure, InternetService_Fiber optic, Contract_Month-to-month","InternetService_Fiber optic, Contract_Month-to-month, InternetService_DSL",Check fiber quality & price; offer a plan review,0
0685-MLYYM,0.6516,Critical,"tenure, InternetService_Fiber optic, Contract_Month-to-month","InternetService_Fiber optic, Contract_Month-to-month, InternetService_DSL",Check fiber quality & price; offer a plan review,1
8699-ASUFO,0.6484,Critical,"tenure, InternetService_Fiber optic, Contract_Month-to-month","InternetService_Fiber optic, Contract_Month-to-month, InternetService_DSL",Check fiber quality & price; offer a plan review,1
6543-XRMYR,0.6476,Critical,"InternetService_Fiber optic, n_services, Contract_Month-to-month","InternetService_Fiber optic, n_services, Contract_Month-to-month",Check fiber quality & price; offer a plan review,1
9685-WKZGT,0.6462,Critical,"tenure, InternetService_Fiber optic, Contract_Month-to-month","InternetService_Fiber optic, Contract_Month-to-month, InternetService_DSL",Check fiber quality & price; offer a plan review,1
5419-CONWX,0.6448,Critical,"tenure, InternetService_Fiber optic, n_services","InternetService_Fiber optic, n_services, Contract_Month-to-month",Check fiber quality & price; offer a plan review,1
4445-ZJNMU,0.6446,Critical,"tenure, InternetService_Fiber optic, n_services","InternetService_Fiber optic, n_services, Contract_Month-to-month",Check fiber quality & price; offer a plan review,0
3338-CVVEH,0.6445,Critical,"tenure, InternetService_Fiber optic, Contract_Month-to-month","InternetService_Fiber optic, Contract_Month-to-month, InternetService_DSL",Check fiber quality & price; offer a plan review,0
0871-URUWO,0.6402,Critical,"tenure, InternetService_Fiber optic, n_services","InternetService_Fiber optic, n_services, Contract_Month-to-month",Check fiber quality & price; offer a plan review,1
7881-EVUAD,0.6389,Critical,"tenure, charges_per_month, Contract_Month-to-month","Contract_Month-to-month, MonthlyCharges, monthly_vs_avg",Offer discount for a 1-year contract,1
5628-FCGYG,0.6388,Critical,"tenure, InternetService_Fiber optic, Contract_Month-to-month","InternetService_Fiber optic, Contract_Month-to-month, InternetService_DSL",Check fiber quality & price; offer a plan review,0
6000-APYLU,0.6388,Critical,"tenure, InternetService_Fiber optic, Contract_Month-to-month","InternetService_Fiber optic, Contract_Month-to-month, InternetService_DSL",Check fiber quality & price; offer a plan review,1
6680-WKXRZ,0.6355,Critical,"tenure, InternetService_Fiber optic, Contract_Month-to-month","InternetService_Fiber optic, Contract_Month-to-month, InternetService_DSL",Check fiber quality & price; offer a plan review,1
8445-DNBAE,0.6349,Critical,"tenure, charges_per_month, monthly_vs_avg","monthly_vs_avg, Contract_Month-to-month, Contract_Two year",Review recent price change; offer a loyalty credit,0
8541-QVFKM,0.634,Critical,"tenure, InternetService_Fiber optic, Contract_Month-to-month","InternetService_Fiber optic, Contract_Month-to-month, InternetService_DSL",Check fiber quality & price; offer a plan review,0
2845-HSJCY,0.6339,Critical,"tenure, InternetService_Fiber optic, Contract_Month-to-month","InternetService_Fiber optic, Contract_Month-to-month, InternetService_DSL",Check fiber quality & price; offer a plan review,1
9279-CJEOJ,0.6336,Critical,"tenure, InternetService_Fiber optic, Contract_Month-to-month","InternetService_Fiber optic, Contract_Month-to-month, InternetService_DSL",Check fiber quality & price; offer a plan review,0
5339-PXDVH,0.6327,Critical,"tenure, InternetService_Fiber optic, Contract_Month-to-month","InternetService_Fiber optic, Contract_Month-to-month, InternetService_DSL",Check fiber quality & price; offer a plan review,0
9741-YLNTD,0.6322,Critical,"tenure, InternetService_Fiber optic, Contract_Month-to-month","InternetService_Fiber optic, Contract_Month-to-month, InternetService_DSL",Check fiber quality & price; offer a plan review,0
4631-OACRM,0.6319,Critical,"tenure, InternetService_Fiber optic, Contract_Month-to-month","InternetService_Fiber optic, Contract_Month-to-month, InternetService_DSL",Check fiber quality & price; offer a plan review,1
1475-VWVDO,0.6316,Critical,"tenure, InternetService_Fiber optic, Contract_Month-to-month","InternetService_Fiber optic, Contract_Month-to-month, InternetService_DSL",Check fiber quality & price; offer a plan review,0
6899-PPEEA,0.63,Critical,"InternetService_Fiber optic, Contract_Month-to-month, InternetService_DSL","InternetService_Fiber optic, Contract_Month-to-month, InternetService_DSL",Check fiber quality & price; offer a plan review,1
2057-ZBLPD,0.6288,Critical,"tenure, InternetService_Fiber optic, Contract_Month-to-month","InternetService_Fiber optic, Contract_Month-to-month, InternetService_DSL",Check fiber quality & price; offer a plan review,1
2985-FMWYF,0.6263,Critical,"InternetService_Fiber optic, tenure, Contract_Month-to-month","InternetService_Fiber optic, Contract_Month-to-month, InternetService_DSL",Check fiber quality & price; offer a plan review,0
4283-FUTGF,0.6248,Critical,"tenure, InternetService_Fiber optic, Contract_Month-to-month","InternetService_Fiber optic, Contract_Month-to-month, InternetService_DSL",Check fiber quality & price; offer a plan review,1
1751-NCDLI,0.6234,Critical,"TotalCharges, InternetService_Fiber optic, n_services","InternetService_Fiber optic, n_services, Contract_Month-to-month",Check fiber quality & price; offer a plan review,0
8397-MVTAZ,0.6231,Critical,"InternetService_Fiber optic, n_services, Contract_Month-to-month","InternetService_Fiber optic, n_services, Contract_Month-to-month",Check fiber quality & price; offer a plan review,1
3627-FHKBK,0.6217,Critical,"tenure, monthly_vs_avg, charges_per_month","monthly_vs_avg, InternetService_Fiber optic, Contract_Month-to-month",Review recent price change; offer a loyalty credit,1
4983-CCWMC,0.6212,Critical,"tenure, InternetService_Fiber optic, Contract_Month-to-month","InternetService_Fiber optic, Contract_Month-to-month, InternetService_DSL",Check fiber quality & price; offer a plan review,0
6507-ZJSUR,0.6212,Critical,"InternetService_Fiber optic, tenure, Contract_Month-to-month","InternetService_Fiber optic, Contract_Month-to-month, InternetService_DSL",Check fiber quality & price; offer a plan review,0
0576-WNXXC,0.6196,Critical,"InternetService_Fiber optic, n_services, Contract_Month-to-month","InternetService_Fiber optic, n_services, Contract_Month-to-month",Check fiber quality & price; offer a plan review,1
3966-HRMZA,0.6192,Critical,"tenure, InternetService_Fiber optic, monthly_vs_avg","InternetService_Fiber optic, monthly_vs_avg, Contract_Month-to-month",Check fiber quality & price; offer a plan review,0
3717-OEAUQ,0.6177,Critical,"tenure, InternetService_Fiber optic, monthly_vs_avg","InternetService_Fiber optic, monthly_vs_avg, Contract_Month-to-month",Check fiber quality & price; offer a plan review,0
2439-LYPMQ,0.6166,Critical,"n_services, InternetService_Fiber optic, TotalCharges","n_services, InternetService_Fiber optic, Contract_Month-to-month",Check fiber quality & price; offer a plan review,0
0616-ATFGB,0.6162,Critical,"tenure, charges_per_month, MonthlyCharges","MonthlyCharges, Contract_Month-to-month, Contract_Two year",Review plan pricing; offer a cheaper bundle,1
0506-LVNGN,0.6161,Critical,"tenure, InternetService_Fiber optic, Contract_Month-to-month","InternetService_Fiber optic, Contract_Month-to-month, InternetService_DSL",Check fiber quality & price; offer a plan review,1
3585-ISXZP,0.6158,Critical,"tenure, InternetService_Fiber optic, Contract_Month-to-month","InternetService_Fiber optic, Contract_Month-to-month, InternetService_DSL",Check fiber quality & price; offer a plan review,1
7209-JCUDS,0.6144,Critical,"tenure, InternetService_Fiber optic, Contract_Month-to-month","InternetService_Fiber optic, Contract_Month-to-month, InternetService_DSL",Check fiber quality & price; offer a plan review,1
7354-OIJLX,0.6125,Critical,"tenure, InternetService_Fiber optic, Contract_Month-to-month","InternetService_Fiber optic, Contract_Month-to-month, InternetService_DSL",Check fiber quality & price; offer a plan review,0
8739-WWKDU,0.6114,Critical,"InternetService_Fiber optic, Contract_Month-to-month, tenure","InternetService_Fiber optic, Contract_Month-to-month, InternetService_DSL",Check fiber quality & price; offer a plan review,1
5228-EXCET,0.6114,Critical,"tenure, InternetService_Fiber optic, Contract_Month-to-month","InternetService_Fiber optic, Contract_Month-to-month, InternetService_DSL",Check fiber quality & price; offer a plan review,1
9054-FOWNV,0.6107,Critical,"InternetService_Fiber optic, tenure, Contract_Month-to-month","InternetService_Fiber optic, Contract_Month-to-month, InternetService_DSL",Check fiber quality & price; offer a plan review,0
1302-UHBDD,0.6103,Critical,"tenure, InternetService_Fiber optic, Contract_Month-to-month","InternetService_Fiber optic, Contract_Month-to-month, InternetService_DSL",Check fiber quality & price; offer a plan review,0
4817-VYYWS,0.6102,Critical,"InternetService_Fiber optic, n_services, Contract_Month-to-month","InternetService_Fiber optic, n_services, Contract_Month-to-month",Check fiber quality & price; offer a plan review,1
2386-LAHRK,0.6101,Critical,"tenure, charges_per_month, monthly_vs_avg","monthly_vs_avg, Contract_Month-to-month, Contract_Two year",Review recent price change; offer a loyalty credit,1
9840-DVNDC,0.6085,Critical,"tenure, InternetService_Fiber optic, Contract_Month-to-month","InternetService_Fiber optic, Contract_Month-to-month, InternetService_DSL",Check fiber quality & price; offer a plan review,1
3908-BLSYF,0.6084,Critical,"tenure, InternetService_Fiber optic, Contract_Month-to-month","InternetService_Fiber optic, Contract_Month-to-month, InternetService_DSL",Check fiber quality & price; offer a plan review,1
4301-VVZKA,0.6074,Critical,"tenure, InternetService_Fiber optic, Contract_Month-to-month","InternetService_Fiber optic, Contract_Month-to-month, InternetService_DSL",Check fiber quality & price; offer a plan review,0
3334-CTHOL,0.6065,Critical,"tenure, charges_per_month, monthly_vs_avg","monthly_vs_avg, Contract_Month-to-month, Contract_Two year",Review recent price change; offer a loyalty credit,1
3677-IYRBF,0.6049,Critical,"tenure, charges_per_month, MonthlyCharges","MonthlyCharges, Contract_Month-to-month, Contract_Two year",Review plan pricing; offer a cheaper bundle,1
6712-OAWRH,0.6041,Critical,"InternetService_Fiber optic, Contract_Month-to-month, InternetService_DSL","InternetService_Fiber optic, Contract_Month-to-month, InternetService_DSL",Check fiber quality & price; offer a plan review,1
7363-QTBIW,0.6034,Critical,"tenure, InternetService_Fiber optic, Contract_Month-to-month","InternetService_Fiber optic, Contract_Month-to-month, InternetService_DSL",Check fiber quality & price; offer a plan review,0
4686-UXDML,0.603,Critical,"tenure, InternetService_Fiber optic, n_services","InternetService_Fiber optic, n_services, Contract_Month-to-month",Check fiber quality & price; offer a plan review,0
7851-FLGGQ,0.6024,Critical,"tenure, charges_per_month, Contract_Month-to-month","Contract_Month-to-month, monthly_vs_avg, MonthlyCharges",Offer discount for a 1-year contract,1
6608-QQLVK,0.5998,Critical,"tenure, charges_per_month, monthly_vs_avg","monthly_vs_avg, Contract_Month-to-month, Contract_Two year",Review recent price change; offer a loyalty credit,1
1989-PRJHP,0.5993,Critical,"InternetService_Fiber optic, Contract_Month-to-month, InternetService_DSL","InternetService_Fiber optic, Contract_Month-to-month, InternetService_DSL",Check fiber quality & price; offer a plan review,1
1016-DJTSV,0.5991,Critical,"tenure, InternetService_Fiber optic, Contract_Month-to-month","InternetService_Fiber optic, Contract_Month-to-month, InternetService_DSL",Check fiber quality & price; offer a plan review,0
5380-WJKOV,0.5987,Critical,"n_services, InternetService_Fiber optic, Contract_Month-to-month","n_services, InternetService_Fiber optic, Contract_Month-to-month",Check fiber quality & price; offer a plan review,1
0988-JRWWP,0.5977,Critical,"tenure, charges_per_month, Contract_Month-to-month","Contract_Month-to-month, monthly_vs_avg, Contract_Two year",Offer discount for a 1-year contract,0
7534-BFESC,0.5974,Critical,"InternetService_Fiber optic, tenure, Contract_Month-to-month","InternetService_Fiber optic, Contract_Month-to-month, InternetService_DSL",Check fiber quality & price; offer a plan review,1
7495-OOKFY,0.5947,Critical,"tenure, InternetService_Fiber optic, Contract_Month-to-month","InternetService_Fiber optic, Contract_Month-to-month, InternetService_DSL",Check fiber quality & price; offer a plan review,1
0749-IRGQE,0.5947,Critical,"tenure, charges_per_month, Contract_Month-to-month","Contract_Month-to-month, MonthlyCharges, Contract_Two year",Offer discount for a 1-year contract,0
4029-HPFVY,0.5934,Critical,"tenure, InternetService_Fiber optic, Contract_Month-to-month","InternetService_Fiber optic, Contract_Month-to-month, InternetService_DSL",Check fiber quality & price; offer a plan review,0
2025-JKFWI,0.593,Critical,"tenure, InternetService_Fiber optic, n_services","InternetService_Fiber optic, n_services, Contract_Month-to-month",Check fiber quality & price; offer a plan review,1
9048-JVYVF,0.5928,Critical,"tenure, Contract_Month-to-month, monthly_vs_avg","Contract_Month-to-month, monthly_vs_avg, Contract_Two year",Offer discount for a 1-year contract,1
3672-YITQD,0.5915,Critical,"InternetService_Fiber optic, Contract_Month-to-month, InternetService_DSL","InternetService_Fiber optic, Contract_Month-to-month, InternetService_DSL",Check fiber quality & price; offer a plan review,1
9866-QEVEE,0.5889,Critical,"tenure, InternetService_Fiber optic, Contract_Month-to-month","InternetService_Fiber optic, Contract_Month-to-month, InternetService_DSL",Check fiber quality & price; offer a plan review,1
2325-NBPZG,0.5886,Critical,"tenure, InternetService_Fiber optic, Contract_Month-to-month","InternetService_Fiber optic, Contract_Month-to-month, InternetService_DSL",Check fiber quality & price; offer a plan review,0
8709-KRDVL,0.5869,Critical,"InternetService_Fiber optic, n_services, Contract_Month-to-month","InternetService_Fiber optic, n_services, Contract_Month-to-month",Check fiber quality & price; offer a plan review,0
1867-BDVFH,0.5853,Critical,"tenure, InternetService_Fiber optic, Contract_Month-to-month","InternetService_Fiber optic, Contract_Month-to-month, InternetService_DSL",Check fiber quality & price; offer a plan review,1
7005-CCBKV,0.5846,Critical,"tenure, InternetService_Fiber optic, Contract_Month-to-month","InternetService_Fiber optic, Contract_Month-to-month, InternetService_DSL",Check fiber quality & price; offer a plan review,1
9576-ANLXO,0.5827,Critical,"tenure, InternetService_Fiber optic, Contract_Month-to-month","InternetService_Fiber optic, Contract_Month-to-month, InternetService_DSL",Check fiber quality & price; offer a plan review,1
0330-IVZHA,0.5806,Critical,"tenure, InternetService_Fiber optic, Contract_Month-to-month","InternetService_Fiber optic, Contract_Month-to-month, InternetService_DSL",Check fiber quality & price; offer a plan review,1
0023-XUOPT,0.5793,Critical,"tenure, InternetService_Fiber optic, n_services","InternetService_Fiber optic, n_services, Contract_Month-to-month",Check fiber quality & price; offer a plan review,1
6319-IEJWJ,0.5763,Critical,"tenure, InternetService_Fiber optic, Contract_Month-to-month","InternetService_Fiber optic, Contract_Month-to-month, InternetService_DSL",Check fiber quality & price; offer a plan review,1
8650-RHRKE,0.5755,Critical,"tenure, charges_per_month, MonthlyCharges","MonthlyCharges, Contract_Month-to-month, Contract_Two year",Review plan pricing; offer a cheaper bundle,1
0376-YMCJC,0.5752,Critical,"InternetService_Fiber optic, tenure, Contract_Month-to-month","InternetService_Fiber optic, Contract_Month-to-month, InternetService_DSL",Check fiber quality & price; offer a plan review,1
6338-AVWCY,0.5721,Critical,"tenure, charges_per_month, MonthlyCharges","MonthlyCharges, Contract_Month-to-month, Contract_Two year",Review plan pricing; offer a cheaper bundle,1
3365-SAIGS,0.5717,Critical,"tenure, InternetService_Fiber optic, Contract_Month-to-month","InternetService_Fiber optic, Contract_Month-to-month, InternetService_DSL",Check fiber quality & price; offer a plan review,0
7861-UVUFT,0.5712,Critical,"tenure, InternetService_Fiber optic, Contract_Month-to-month","InternetService_Fiber optic, Contract_Month-to-month, InternetService_DSL",Check fiber quality & price; offer a plan review,1
8818-DOPVL,0.5697,Critical,"TotalCharges, n_services, InternetService_Fiber optic","n_services, InternetService_Fiber optic, Contract_Month-to-month",Check fiber quality & price; offer a plan review,0
9227-LUNBG,0.5696,Critical,"tenure, charges_per_month, MonthlyCharges","MonthlyCharges, Contract_Month-to-month, Contract_Two year",Review plan pricing; offer a cheaper bundle,1
8621-MNIHH,0.5694,Critical,"InternetService_Fiber optic, n_services, Contract_Month-to-month","InternetService_Fiber optic, n_services, Contract_Month-to-month",Check fiber quality & price; offer a plan review,1
7912-SYRQT,0.5694,Critical,"tenure, InternetService_Fiber optic, Contract_Month-to-month","InternetService_Fiber optic, Contract_Month-to-month, InternetService_DSL",Check fiber quality & price; offer a plan review,1
2754-SDJRD,0.5684,Critical,"tenure, InternetService_Fiber optic, n_services","InternetService_Fiber optic, n_services, Contract_Month-to-month",Check fiber quality & price; offer a plan review,0
9050-QLROH,0.5666,Critical,"tenure, InternetService_Fiber optic, Contract_Month-to-month","InternetService_Fiber optic, Contract_Month-to-month, InternetService_DSL",Check fiber quality & price; offer a plan review,1
6166-ILMNY,0.5652,Critical,"tenure, InternetService_Fiber optic, Contract_Month-to-month","InternetService_Fiber optic, Contract_Month-to-month, monthly_vs_avg",Check fiber quality & price; offer a plan review,1
9752-ZNQUT,0.5652,Critical,"tenure, charges_per_month, monthly_vs_avg","monthly_vs_avg, Contract_Month-to-month, Contract_Two year",Review recent price change; offer a loyalty credit,0
2860-RANUS,0.5646,Critical,"tenure, InternetService_Fiber optic, Contract_Month-to-month","InternetService_Fiber optic, Contract_Month-to-month, InternetService_DSL",Check fiber quality & price; offer a plan review,1
0524-IAVZO,0.5644,Critical,"InternetService_Fiber optic, Contract_Month-to-month, InternetService_DSL","InternetService_Fiber optic, Contract_Month-to-month, InternetService_DSL",Check fiber quality & price; offer a plan review,1
7410-YTJIK,0.564,Critical,"tenure, InternetService_Fiber optic, Contract_Month-to-month","InternetService_Fiber optic, Contract_Month-to-month, InternetService_DSL",Check fiber quality & price; offer a plan review,1
3891-PUQOD,0.5628,Critical,"tenure, charges_per_month, monthly_vs_avg","monthly_vs_avg, Contract_Month-to-month, Contract_Two year",Review recent price change; offer a loyalty credit,1
8132-YPVBX,0.5616,Critical,"tenure, InternetService_Fiber optic, Contract_Month-to-month","InternetService_Fiber optic, Contract_Month-to-month, InternetService_DSL",Check fiber quality & price; offer a plan review,0
4412-YLTKF,0.5591,Critical,"InternetService_Fiber optic, Contract_Month-to-month, InternetService_DSL","InternetService_Fiber optic, Contract_Month-to-month, InternetService_DSL",Check fiber quality & price; offer a plan review,1
4873-ILOLJ,0.5579,Critical,"InternetService_Fiber optic, tenure, Contract_Month-to-month","InternetService_Fiber optic, Contract_Month-to-month, InternetService_DSL",Check fiber quality & price; offer a plan review,1
4317-VTEOA,0.5577,Critical,"tenure, charges_per_month, monthly_vs_avg","monthly_vs_avg, Contract_Month-to-month, Contract_Two year",Review recent price change; offer a loyalty credit,1
1077-HUUJM,0.5577,Critical,"tenure, InternetService_Fiber optic, Contract_Month-to-month","InternetService_Fiber optic, Contract_Month-to-month, InternetService_DSL",Check fiber quality & price; offer a plan review,0
7748-UMTRK,0.5564,Critical,"InternetService_Fiber optic, n_services, Contract_Month-to-month","InternetService_Fiber optic, n_services, Contract_Month-to-month",Check fiber quality & price; offer a plan review,0
4919-IKATY,0.5559,Critical,"tenure, InternetService_Fiber optic, Contract_Month-to-month","InternetService_Fiber optic, Contract_Month-to-month, InternetService_DSL",Check fiber quality & price; offer a plan review,1
1658-TJVOA,0.5519,Critical,"tenure, InternetService_Fiber optic, Contract_Month-to-month","InternetService_Fiber optic, Contract_Month-to-month, InternetService_DSL",Check fiber quality & price; offer a plan review,0
2754-XBHTB,0.5508,Critical,"tenure, InternetService_Fiber optic, Contract_Month-to-month","InternetService_Fiber optic, Contract_Month-to-month, InternetService_DSL",Check fiber quality & price; offer a plan review,1
9167-APMXZ,0.5481,Critical,"InternetService_Fiber optic, tenure, Contract_Month-to-month","InternetService_Fiber optic, Contract_Month-to-month, InternetService_DSL",Check fiber quality & price; offer a plan review,0
6821-BUXUX,0.548,Critical,"tenure, InternetService_Fiber optic, n_services","InternetService_Fiber optic, n_services, Contract_Month-to-month",Check fiber quality & price; offer a plan review,1
9643-AVVWI,0.5455,Critical,"tenure, InternetService_Fiber optic, Contract_Month-to-month","InternetService_Fiber optic, Contract_Month-to-month, InternetService_DSL",Check fiber quality & price; offer a plan review,0
8903-XEBGX,0.5446,Critical,"tenure, charges_per_month, Contract_Month-to-month","Contract_Month-to-month, monthly_vs_avg, Contract_Two year",Offer discount for a 1-year contract,0
3858-VOBET,0.544,Critical,"InternetService_Fiber optic, tenure, Contract_Month-to-month","InternetService_Fiber optic, Contract_Month-to-month, InternetService_DSL",Check fiber quality & price; offer a plan review,1
7470-MCQTK,0.5438,Critical,"tenure, Contract_Month-to-month, charges_per_month","Contract_Month-to-month, Contract_Two year, MonthlyCharges",Offer discount for a 1-year contract,1
0581-MDMPW,0.5421,Critical,"InternetService_Fiber optic, tenure, Contract_Month-to-month","InternetService_Fiber optic, Contract_Month-to-month, InternetService_DSL",Check fiber quality & price; offer a plan review,0
4512-ZUIYL,0.5395,Critical,"tenure, InternetService_Fiber optic, Contract_Month-to-month","InternetService_Fiber optic, Contract_Month-to-month, InternetService_DSL",Check fiber quality & price; offer a plan review,1
5144-TVGLP,0.5375,Critical,"InternetService_Fiber optic, Contract_Month-to-month, TotalCharges","InternetService_Fiber optic, Contract_Month-to-month, InternetService_DSL",Check fiber quality & price; offer a plan review,0
4818-QIUFN,0.5343,Critical,"tenure, InternetService_Fiber optic, Contract_Month-to-month","InternetService_Fiber optic, Contract_Month-to-month, InternetService_DSL",Check fiber quality & price; offer a plan review,1
0876-WDUUZ,0.5342,Critical,"tenure, InternetService_Fiber optic, Contract_Month-to-month","InternetService_Fiber optic, Contract_Month-to-month, InternetService_DSL",Check fiber quality & price; offer a plan review,1
1335-NTIUC,0.5335,Critical,"tenure, charges_per_month, MonthlyCharges","MonthlyCharges, Contract_Month-to-month, Contract_Two year",Review plan pricing; offer a cheaper bundle,0
1112-CUNAO,0.5333,Critical,"tenure, InternetService_Fiber optic, Contract_Month-to-month","InternetService_Fiber optic, Contract_Month-to-month, InternetService_DSL",Check fiber quality & price; offer a plan review,1
1379-FRVEB,0.5319,Critical,"tenure, InternetService_Fiber optic, Contract_Month-to-month","InternetService_Fiber optic, Contract_Month-to-month, InternetService_DSL",Check fiber quality & price; offer a plan review,0
0581-BXBUB,0.5317,Critical,"tenure, InternetService_Fiber optic, Contract_Month-to-month","InternetService_Fiber optic, Contract_Month-to-month, InternetService_DSL",Check fiber quality & price; offer a plan review,0
0952-KMEEH,0.5311,Critical,"tenure, InternetService_Fiber optic, n_services","InternetService_Fiber optic, n_services, Contract_Month-to-month",Check fiber quality & price; offer a plan review,1
8993-PHFWD,0.5309,Critical,"tenure, charges_per_month, MonthlyCharges","MonthlyCharges, Contract_Month-to-month, Contract_Two year",Review plan pricing; offer a cheaper bundle,1
4647-MUZON,0.5307,Critical,"tenure, InternetService_Fiber optic, Contract_Month-to-month","InternetService_Fiber optic, Contract_Month-to-month, InternetService_DSL",Check fiber quality & price; offer a plan review,0
9851-KIELU,0.5298,Critical,"tenure, n_services, InternetService_Fiber optic","n_services, InternetService_Fiber optic, Contract_Month-to-month",Check fiber quality & price; offer a plan review,1
3312-UUMZW,0.5282,Critical,"InternetService_Fiber optic, n_services, Contract_Month-to-month","InternetService_Fiber optic, n_services, Contract_Month-to-month",Check fiber quality & price; offer a plan review,0
9283-LZQOH,0.5281,Critical,"tenure, InternetService_Fiber optic, Contract_Month-to-month","InternetService_Fiber optic, Contract_Month-to-month, InternetService_DSL",Check fiber quality & price; offer a plan review,1
1522-VVDMG,0.528,Critical,"tenure, InternetService_Fiber optic, Contract_Month-to-month","InternetService_Fiber optic, Contract_Month-to-month, InternetService_DSL",Check fiber quality & price; offer a plan review,1
1894-IGFSG,0.5275,Critical,"InternetService_Fiber optic, tenure, Contract_Month-to-month","InternetService_Fiber optic, Contract_Month-to-month, InternetService_DSL",Check fiber quality & price; offer a plan review,1
1035-IPQPU,0.5274,Critical,"TotalCharges, n_services, InternetService_Fiber optic","n_services, InternetService_Fiber optic, Contract_Month-to-month",Check fiber quality & price; offer a plan review,0
9465-RWMXL,0.526,Critical,"InternetService_Fiber optic, Contract_Month-to-month, InternetService_DSL","InternetService_Fiber optic, Contract_Month-to-month, InternetService_DSL",Check fiber quality & price; offer a plan review,1
9907-SWKKF,0.5258,Critical,"tenure, charges_per_month, MonthlyCharges","MonthlyCharges, Contract_Month-to-month, Contract_Two year",Review plan pricing; offer a cheaper bundle,1
7928-VJYAB,0.5258,Critical,"tenure, InternetService_Fiber optic, Contract_Month-to-month","InternetService_Fiber optic, Contract_Month-to-month, InternetService_DSL",Check fiber quality & price; offer a plan review,0
8080-DDEMJ,0.5257,Critical,"tenure, charges_per_month, Contract_Month-to-month","Contract_Month-to-month, monthly_vs_avg, MonthlyCharges",Offer discount for a 1-year contract,1
4706-DGAHW,0.5254,Critical,"tenure, charges_per_month, Contract_Month-to-month","Contract_Month-to-month, monthly_vs_avg, MonthlyCharges",Offer discount for a 1-year contract,0
8212-DJRCH,0.5249,Critical,"tenure, InternetService_Fiber optic, Contract_Month-to-month","InternetService_Fiber optic, Contract_Month-to-month, InternetService_DSL",Check fiber quality & price; offer a plan review,0
2309-OSFEU,0.5247,Critical,"tenure, charges_per_month, MonthlyCharges","MonthlyCharges, Contract_Month-to-month, Contract_Two year",Review plan pricing; offer a cheaper bundle,1
5480-HPRRX,0.5241,Critical,"tenure, charges_per_month, MonthlyCharges","MonthlyCharges, Contract_Month-to-month, Contract_Two year",Review plan pricing; offer a cheaper bundle,1
8160-HOWOX,0.5238,Critical,"tenure, Contract_Month-to-month, Contract_Two year","Contract_Month-to-month, Contract_Two year, PaperlessBilling_No",Offer discount for a 1-year contract,0
0899-LIIBW,0.5233,Critical,"InternetService_Fiber optic, n_services, Contract_Month-to-month","InternetService_Fiber optic, n_services, Contract_Month-to-month",Check fiber quality & price; offer a plan review,0
6661-HBGWL,0.5226,Critical,"n_services, TotalCharges, InternetService_Fiber optic","n_services, InternetService_Fiber optic, Contract_Month-to-month",Check fiber quality & price; offer a plan review,1
8280-MQRQN,0.5221,Critical,"tenure, charges_per_month, monthly_vs_avg","monthly_vs_avg, Contract_Month-to-month, Contract_Two year",Review recent price change; offer a loyalty credit,1
9638-JIQYA,0.5213,Critical,"tenure, charges_per_month, MonthlyCharges","MonthlyCharges, Contract_Month-to-month, Contract_Two year",Review plan pricing; offer a cheaper bundle,0
6651-AZVTJ,0.5205,Critical,"TotalCharges, InternetService_Fiber optic, n_services","InternetService_Fiber optic, n_services, Contract_Month-to-month",Check fiber quality & price; offer a plan review,1
9572-WUKSB,0.5205,Critical,"tenure, charges_per_month, MonthlyCharges","MonthlyCharges, Contract_Month-to-month, Contract_Two year",Review plan pricing; offer a cheaper bundle,0
1536-HBSWP,0.52,Critical,"tenure, charges_per_month, monthly_vs_avg","monthly_vs_avg, Contract_Month-to-month, Contract_Two year",Review recent price change; offer a loyalty credit,0
2482-CZGBB,0.5199,Critical,"tenure, InternetService_Fiber optic, Contract_Month-to-month","InternetService_Fiber optic, Contract_Month-to-month, InternetService_DSL",Check fiber quality & price; offer a plan review,1
7056-IMHCC,0.5192,Critical,"TotalCharges, InternetService_Fiber optic, n_services","InternetService_Fiber optic, n_services, Contract_Month-to-month",Check fiber quality & price; offer a plan review,1
9692-TUSXH,0.5171,Critical,"tenure, InternetService_Fiber optic, Contract_Month-to-month","InternetService_Fiber optic, Contract_Month-to-month, InternetService_DSL",Check fiber quality & price; offer a plan review,1
6284-AHOOQ,0.5149,Critical,"InternetService_Fiber optic, tenure, Contract_Month-to-month","InternetService_Fiber optic, Contract_Month-to-month, InternetService_DSL",Check fiber quality & price; offer a plan review,1
0082-OQIQY,0.5139,Critical,"InternetService_Fiber optic, Contract_Month-to-month, InternetService_DSL","InternetService_Fiber optic, Contract_Month-to-month, InternetService_DSL",Check fiber quality & price; offer a plan review,0
4581-LNWUM,0.5132,Critical,"tenure, Contract_Month-to-month, charges_per_month","Contract_Month-to-month, Contract_Two year, MonthlyCharges",Offer discount for a 1-year contract,0
4678-DVQEO,0.5119,Critical,"tenure, charges_per_month, monthly_vs_avg","monthly_vs_avg, Contract_Month-to-month, Contract_Two year",Review recent price change; offer a loyalty credit,1
8938-UMKPI,0.5086,High,"TotalCharges, n_services, InternetService_Fiber optic","n_services, InternetService_Fiber optic, Contract_Month-to-month",Check fiber quality & price; offer a plan review,1
7663-RGWBC,0.5064,High,"tenure, charges_per_month, Contract_Month-to-month","Contract_Month-to-month, monthly_vs_avg, MonthlyCharges",Offer discount for a 1-year contract,1
0958-YHXGP,0.5043,High,"tenure, InternetService_Fiber optic, Contract_Month-to-month","InternetService_Fiber optic, Contract_Month-to-month, InternetService_DSL",Check fiber quality & price; offer a plan review,0
2800-QQUSO,0.5042,High,"InternetService_Fiber optic, TotalCharges, n_services","InternetService_Fiber optic, n_services, Contract_Month-to-month",Check fiber quality & price; offer a plan review,0
5331-RGMTT,0.5028,High,"TotalCharges, InternetService_Fiber optic, n_services","InternetService_Fiber optic, n_services, Contract_Month-to-month",Check fiber quality & price; offer a plan review,0
5692-FPTAH,0.502,High,"tenure, charges_per_month, Contract_Month-to-month","Contract_Month-to-month, monthly_vs_avg, MonthlyCharges",Offer discount for a 1-year contract,1
5133-POWUA,0.5006,High,"tenure, charges_per_month, monthly_vs_avg","monthly_vs_avg, Contract_Month-to-month, MonthlyCharges",Review recent price change; offer a loyalty credit,0
4237-RLAQD,0.5004,High,"tenure, charges_per_month, monthly_vs_avg","monthly_vs_avg, Contract_Month-to-month, MonthlyCharges",Review recent price change; offer a loyalty credit,1
1236-WFCDV,0.4998,High,"tenure, InternetService_Fiber optic, Contract_Month-to-month","InternetService_Fiber optic, Contract_Month-to-month, InternetService_DSL",Check fiber quality & price; offer a plan review,1
7404-JLKQG,0.4992,High,"tenure, charges_per_month, Contract_Month-to-month","Contract_Month-to-month, Contract_Two year, monthly_vs_avg",Offer discount for a 1-year contract,0
5606-AMZBO,0.498,High,"tenure, InternetService_Fiber optic, Contract_Month-to-month","InternetService_Fiber optic, Contract_Month-to-month, InternetService_DSL",Check fiber quality & price; offer a plan review,0
6048-QBXKL,0.4972,High,"tenure, charges_per_month, Contract_Month-to-month","Contract_Month-to-month, Contract_Two year, monthly_vs_avg",Offer discount for a 1-year contract,0
4547-LYTDD,0.4971,High,"tenure, InternetService_Fiber optic, Contract_Month-to-month","InternetService_Fiber optic, Contract_Month-to-month, InternetService_DSL",Check fiber quality & price; offer a plan review,1
9842-EFSYY,0.4965,High,"tenure, n_services, Contract_Month-to-month","n_services, Contract_Month-to-month, Contract_Two year",Offer discount for a 1-year contract,0
8059-UDZFY,0.4959,High,"n_services, InternetService_Fiber optic, Contract_Month-to-month","n_services, InternetService_Fiber optic, Contract_Month-to-month",Check fiber quality & price; offer a plan review,0
0778-NELLA,0.495,High,"tenure, charges_per_month, MonthlyCharges","MonthlyCharges, Contract_Month-to-month, Contract_Two year",Review plan pricing; offer a cheaper bundle,1
7603-USHJS,0.4941,High,"tenure, InternetService_Fiber optic, Contract_Month-to-month","InternetService_Fiber optic, Contract_Month-to-month, InternetService_DSL",Check fiber quality & price; offer a plan review,1
1942-OQFRW,0.4931,High,"tenure, charges_per_month, Contract_Month-to-month","Contract_Month-to-month, monthly_vs_avg, MonthlyCharges",Offer discount for a 1-year contract,0
6175-IRFIT,0.493,High,"tenure, InternetService_Fiber optic, Contract_Month-to-month","InternetService_Fiber optic, Contract_Month-to-month, InternetService_DSL",Check fiber quality & price; offer a plan review,0
5281-BUZGT,0.4929,High,"InternetService_Fiber optic, Contract_Month-to-month, InternetService_DSL","InternetService_Fiber optic, Contract_Month-to-month, InternetService_DSL",Check fiber quality & price; offer a plan review,1
6158-HDPXZ,0.4882,High,"tenure, charges_per_month, MonthlyCharges","MonthlyCharges, Contract_Month-to-month, Contract_Two year",Review plan pricing; offer a cheaper bundle,0
9944-AEXBM,0.4871,High,"InternetService_Fiber optic, Contract_Month-to-month, InternetService_DSL","InternetService_Fiber optic, Contract_Month-to-month, InternetService_DSL",Check fiber quality & price; offer a plan review,0
7587-RZNME,0.4868,High,"tenure, charges_per_month, Contract_Month-to-month","Contract_Month-to-month, MonthlyCharges, Contract_Two year",Offer discount for a 1-year contract,1
2971-SGAFL,0.486,High,"tenure, n_services, Contract_Month-to-month","n_services, Contract_Month-to-month, Contract_Two year",Offer discount for a 1-year contract,0
9278-VZKCD,0.4854,High,"TotalCharges, n_services, InternetService_Fiber optic","n_services, InternetService_Fiber optic, Contract_Month-to-month",Check fiber quality & price; offer a plan review,0
3658-KIBGF,0.4848,High,"tenure, charges_per_month, monthly_vs_avg","monthly_vs_avg, Contract_Month-to-month, Contract_Two year",Review recent price change; offer a loyalty credit,1
4846-WHAFZ,0.4845,High,"InternetService_Fiber optic, Contract_Month-to-month, InternetService_DSL","InternetService_Fiber optic, Contract_Month-to-month, InternetService_DSL",Check fiber quality & price; offer a plan review,1
6481-ESCNL,0.4833,High,"InternetService_Fiber optic, n_services, Contract_Month-to-month","InternetService_Fiber optic, n_services, Contract_Month-to-month",Check fiber quality & price; offer a plan review,0
7279-BUYWN,0.4825,High,"n_services, TotalCharges, InternetService_Fiber optic","n_services, InternetService_Fiber optic, Contract_Month-to-month",Check fiber quality & price; offer a plan review,1
6377-WHAOX,0.4822,High,"TotalCharges, n_services, InternetService_Fiber optic","n_services, InternetService_Fiber optic, Contract_Month-to-month",Check fiber quality & price; offer a plan review,0
1965-DDBWU,0.4822,High,"tenure, InternetService_Fiber optic, Contract_Month-to-month","InternetService_Fiber optic, Contract_Month-to-month, InternetService_DSL",Check fiber quality & price; offer a plan review,1
6704-UTUKK,0.4816,High,"charges_per_month, Contract_Month-to-month, MonthlyCharges","Contract_Month-to-month, MonthlyCharges, Contract_Two year",Offer discount for a 1-year contract,0
8785-CJSHH,0.4808,High,"TotalCharges, InternetService_Fiber optic, n_services","InternetService_Fiber optic, n_services, Contract_Month-to-month",Check fiber quality & price; offer a plan review,0
4658-HCOHW,0.4807,High,"n_services, tenure, InternetService_Fiber optic","n_services, InternetService_Fiber optic, Contract_Month-to-month",Check fiber quality & price; offer a plan review,1
9508-ILZDG,0.4797,High,"InternetService_Fiber optic, n_services, Contract_Month-to-month","InternetService_Fiber optic, n_services, Contract_Month-to-month",Check fiber quality & price; offer a plan review,0
5226-NOZFC,0.4791,High,"InternetService_Fiber optic, Contract_Month-to-month, InternetService_DSL","InternetService_Fiber optic, Contract_Month-to-month, InternetService_DSL",Check fiber quality & price; offer a plan review,0
2919-HBCJO,0.4785,High,"tenure, InternetService_Fiber optic, Contract_Month-to-month","InternetService_Fiber optic, Contract_Month-to-month, InternetService_DSL",Check fiber quality & price; offer a plan review,1
2041-JIJCI,0.4784,High,"tenure, Contract_Month-to-month, Contract_Two year","Contract_Month-to-month, Contract_Two year, n_services",Offer discount for a 1-year contract,0
3932-CMDTD,0.4781,High,"tenure, n_services, InternetService_Fiber optic","n_services, InternetService_Fiber optic, InternetService_DSL",Check fiber quality & price; offer a plan review,1
6557-BZXLQ,0.4779,High,"tenure, InternetService_Fiber optic, Contract_Month-to-month","InternetService_Fiber optic, Contract_Month-to-month, InternetService_DSL",Check fiber quality & price; offer a plan review,0
6834-NXDCA,0.4774,High,"charges_per_month, tenure, MonthlyCharges","MonthlyCharges, Contract_Month-to-month, Contract_Two year",Review plan pricing; offer a cheaper bundle,1
5373-SFODM,0.4774,High,"InternetService_Fiber optic, Contract_Month-to-month, InternetService_DSL","InternetService_Fiber optic, Contract_Month-to-month, InternetService_DSL",Check fiber quality & price; offer a plan review,1
7278-CKDNC,0.4772,High,"InternetService_Fiber optic, tenure, Contract_Month-to-month","InternetService_Fiber optic, Contract_Month-to-month, InternetService_DSL",Check fiber quality & price; offer a plan review,0
8696-JKZNU,0.4761,High,"InternetService_Fiber optic, Contract_Month-to-month, InternetService_DSL","InternetService_Fiber optic, Contract_Month-to-month, InternetService_DSL",Check fiber quality & price; offer a plan review,1
1092-GANHU,0.4756,High,"tenure, InternetService_Fiber optic, Contract_Month-to-month","InternetService_Fiber optic, Contract_Month-to-month, InternetService_DSL",Check fiber quality & price; offer a plan review,1
3524-WQDSG,0.4736,High,"InternetService_Fiber optic, TotalCharges, n_services","InternetService_Fiber optic, n_services, Contract_Month-to-month",Check fiber quality & price; offer a plan review,0
9779-DPNEJ,0.4725,High,"InternetService_Fiber optic, tenure, Contract_Month-to-month","InternetService_Fiber optic, Contract_Month-to-month, InternetService_DSL",Check fiber quality & price; offer a plan review,0
2277-DJJDL,0.4722,High,"TotalCharges, InternetService_Fiber optic, n_services","InternetService_Fiber optic, n_services, Contract_Month-to-month",Check fiber quality & price; offer a plan review,0
5759-RCVCB,0.4716,High,"tenure, charges_per_month, MonthlyCharges","MonthlyCharges, Contract_Month-to-month, Contract_Two year",Review plan pricing; offer a cheaper bundle,1
1541-ETJZO,0.471,High,"tenure, charges_per_month, monthly_vs_avg","monthly_vs_avg, Contract_Month-to-month, Contract_Two year",Review recent price change; offer a loyalty credit,1
9450-TRJUU,0.471,High,"InternetService_Fiber optic, Contract_Month-to-month, InternetService_DSL","InternetService_Fiber optic, Contract_Month-to-month, InternetService_DSL",Check fiber quality & price; offer a plan review,0
1100-DDVRV,0.4702,High,"tenure, Contract_Month-to-month, charges_per_month","Contract_Month-to-month, Contract_Two year, MonthlyCharges",Offer discount for a 1-year contract,0
4360-PNRQB,0.4701,High,"tenure, InternetService_Fiber optic, Contract_Month-to-month","InternetService_Fiber optic, Contract_Month-to-month, InternetService_DSL",Check fiber quality & price; offer a plan review,0
5022-JNQEQ,0.4684,High,"tenure, InternetService_Fiber optic, Contract_Month-to-month","InternetService_Fiber optic, Contract_Month-to-month, InternetService_DSL",Check fiber quality & price; offer a plan review,0
2203-GHNWN,0.4681,High,"InternetService_Fiber optic, tenure, Contract_Month-to-month","InternetService_Fiber optic, Contract_Month-to-month, InternetService_DSL",Check fiber quality & price; offer a plan review,0
5889-JTMUL,0.468,High,"TotalCharges, InternetService_Fiber optic, n_services","InternetService_Fiber optic, n_services, Contract_Month-to-month",Check fiber quality & price; offer a plan review,1
1471-GIQKQ,0.4678,High,"tenure, charges_per_month, monthly_vs_avg","monthly_vs_avg, Contract_Month-to-month, Contract_Two year",Review recent price change; offer a loyalty credit,0
7529-ZDFXI,0.4652,High,"TotalCharges, InternetService_Fiber optic, Contract_Month-to-month","InternetService_Fiber optic, Contract_Month-to-month, InternetService_DSL",Check fiber quality & price; offer a plan review,0
9979-RGMZT,0.4652,High,"tenure, InternetService_Fiber optic, InternetService_DSL","InternetService_Fiber optic, InternetService_DSL, Contract_Two year",Check fiber quality & price; offer a plan review,0
8393-DLHGA,0.4632,High,"InternetService_Fiber optic, Contract_Month-to-month, tenure","InternetService_Fiber optic, Contract_Month-to-month, InternetService_DSL",Check fiber quality & price; offer a plan review,1
2782-LFZVW,0.4624,High,"tenure, Contract_Month-to-month, Contract_Two year","Contract_Month-to-month, Contract_Two year, PaperlessBilling_No",Offer discount for a 1-year contract,0
6317-YPKDH,0.4618,High,"tenure, charges_per_month, MonthlyCharges","MonthlyCharges, Contract_Month-to-month, Contract_Two year",Review plan pricing; offer a cheaper bundle,1
2187-PKZAY,0.4611,High,"tenure, InternetService_Fiber optic, Contract_Month-to-month","InternetService_Fiber optic, Contract_Month-to-month, InternetService_DSL",Check fiber quality & price; offer a plan review,0
5760-FXFVO,0.4598,High,"tenure, InternetService_Fiber optic, Contract_Month-to-month","InternetService_Fiber optic, Contract_Month-to-month, InternetService_DSL",Check fiber quality & price; offer a plan review,0
5461-QKNTN,0.458,High,"InternetService_Fiber optic, TotalCharges, n_services","InternetService_Fiber optic, n_services, Contract_Month-to-month",Check fiber quality & price; offer a plan review,0
3331-HQDTW,0.458,High,"n_services, InternetService_Fiber optic, Contract_Month-to-month","n_services, InternetService_Fiber optic, Contract_Month-to-month",Check fiber quality & price; offer a plan review,1
9420-LOJKX,0.4575,High,"tenure, InternetService_Fiber optic, n_services","InternetService_Fiber optic, n_services, Contract_Month-to-month",Check fiber quality & price; offer a plan review,1
4947-DSMXK,0.4563,High,"InternetService_Fiber optic, n_services, Contract_Month-to-month","InternetService_Fiber optic, n_services, Contract_Month-to-month",Check fiber quality & price; offer a plan review,0
2501-XWWTZ,0.4559,High,"tenure, InternetService_Fiber optic, Contract_Month-to-month","InternetService_Fiber optic, Contract_Month-to-month, InternetService_DSL",Check fiber quality & price; offer a plan review,0
1319-YLZJG,0.4557,High,"tenure, InternetService_Fiber optic, Contract_Month-to-month","InternetService_Fiber optic, Contract_Month-to-month, InternetService_DSL",Check fiber quality & price; offer a plan review,0
8849-AYPTR,0.4548,High,"InternetService_Fiber optic, Contract_Month-to-month, InternetService_DSL","InternetService_Fiber optic, Contract_Month-to-month, InternetService_DSL",Check fiber quality & price; offer a plan review,0
2227-JRSJX,0.4527,High,"tenure, InternetService_Fiber optic, n_services","InternetService_Fiber optic, n_services, Contract_Month-to-month",Check fiber quality & price; offer a plan review,0
0682-USIXD,0.4522,High,"tenure, InternetService_Fiber optic, Contract_Month-to-month","InternetService_Fiber optic, Contract_Month-to-month, InternetService_DSL",Check fiber quality & price; offer a plan review,0
2694-CIUMO,0.4517,High,"tenure, InternetService_Fiber optic, Contract_Month-to-month","InternetService_Fiber optic, Contract_Month-to-month, InternetService_DSL",Check fiber quality & price; offer a plan review,0
1833-TCXKK,0.451,High,"TotalCharges, n_services, InternetService_Fiber optic","n_services, InternetService_Fiber optic, Contract_Month-to-month",Check fiber quality & price; offer a plan review,0
2587-EKXTS,0.4506,High,"n_services, TotalCharges, InternetService_Fiber optic","n_services, InternetService_Fiber optic, Contract_Month-to-month",Check fiber quality & price; offer a plan review,0
0256-LTHVJ,0.4498,High,"InternetService_Fiber optic, Contract_Month-to-month, InternetService_DSL","InternetService_Fiber optic, Contract_Month-to-month, InternetService_DSL",Check fiber quality & price; offer a plan review,1
4248-QPAVC,0.4493,High,"tenure, InternetService_Fiber optic, Contract_Month-to-month","InternetService_Fiber optic, Contract_Month-to-month, InternetService_DSL",Check fiber quality & price; offer a plan review,1
7855-DIWPO,0.4486,High,"tenure, InternetService_Fiber optic, Contract_Month-to-month","InternetService_Fiber optic, Contract_Month-to-month, InternetService_DSL",Check fiber quality & price; offer a plan review,0
9389-ACWBI,0.4477,High,"tenure, InternetService_Fiber optic, Contract_Month-to-month","InternetService_Fiber optic, Contract_Month-to-month, InternetService_DSL",Check fiber quality & price; offer a plan review,0
9732-KPKBW,0.4474,High,"tenure, charges_per_month, monthly_vs_avg","monthly_vs_avg, Contract_Month-to-month, Contract_Two year",Review recent price change; offer a loyalty credit,1
3312-ZWLGF,0.4471,High,"InternetService_Fiber optic, Contract_Month-to-month, InternetService_DSL","InternetService_Fiber optic, Contract_Month-to-month, InternetService_DSL",Check fiber quality & price; offer a plan review,0
8378-LKJAF,0.4466,High,"InternetService_Fiber optic, TotalCharges, n_services","InternetService_Fiber optic, n_services, Contract_Month-to-month",Check fiber quality & price; offer a plan review,0
9927-DSWDF,0.4458,High,"n_services, InternetService_Fiber optic, tenure","n_services, InternetService_Fiber optic, Contract_Month-to-month",Check fiber quality & price; offer a plan review,0
2911-WDXMV,0.4453,High,"tenure, InternetService_Fiber optic, Contract_Month-to-month","InternetService_Fiber optic, Contract_Month-to-month, InternetService_DSL",Check fiber quality & price; offer a plan review,0
7018-WBJNK,0.4446,High,"tenure, InternetService_Fiber optic, Contract_Month-to-month","InternetService_Fiber optic, Contract_Month-to-month, InternetService_DSL",Check fiber quality & price; offer a plan review,0
1436-ZMJAN,0.4445,High,"tenure, Contract_Month-to-month, Contract_Two year","Contract_Month-to-month, Contract_Two year, n_services",Offer discount for a 1-year contract,0
4840-ORQXB,0.4437,High,"TotalCharges, n_services, InternetService_Fiber optic","n_services, InternetService_Fiber optic, Contract_Month-to-month",Check fiber quality & price; offer a plan review,0
6173-GOLSU,0.4434,High,"TotalCharges, InternetService_Fiber optic, Contract_Month-to-month","InternetService_Fiber optic, Contract_Month-to-month, InternetService_DSL",Check fiber quality & price; offer a plan review,0
7460-ITWWP,0.4422,High,"InternetService_Fiber optic, TotalCharges, Contract_Month-to-month","InternetService_Fiber optic, Contract_Month-to-month, InternetService_DSL",Check fiber quality & price; offer a plan review,0
6543-CPZMK,0.4416,High,"tenure, charges_per_month, MonthlyCharges","MonthlyCharges, Contract_Month-to-month, Contract_Two year",Review plan pricing; offer a cheaper bundle,1
8778-LMWTJ,0.4415,High,"tenure, InternetService_Fiber optic, Contract_Month-to-month","InternetService_Fiber optic, Contract_Month-to-month, InternetService_DSL",Check fiber quality & price; offer a plan review,0
1452-KIOVK,0.4407,High,"InternetService_Fiber optic, tenure, Contract_Month-to-month","InternetService_Fiber optic, Contract_Month-to-month, InternetService_DSL",Check fiber quality & price; offer a plan review,0
8714-EUHJO,0.4385,High,"InternetService_Fiber optic, Contract_Month-to-month, InternetService_DSL","InternetService_Fiber optic, Contract_Month-to-month, InternetService_DSL",Check fiber quality & price; offer a plan review,1
4154-AQUGT,0.4382,High,"tenure, InternetService_Fiber optic, Contract_Month-to-month","InternetService_Fiber optic, Contract_Month-to-month, InternetService_DSL",Check fiber quality & price; offer a plan review,1
6034-YMTOB,0.438,High,"tenure, InternetService_Fiber optic, Contract_Month-to-month","InternetService_Fiber optic, Contract_Month-to-month, InternetService_DSL",Check fiber quality & price; offer a plan review,0
5351-QESIO,0.438,High,"tenure, charges_per_month, MonthlyCharges","MonthlyCharges, Contract_Month-to-month, Contract_Two year",Review plan pricing; offer a cheaper bundle,0
8058-DMYRU,0.4362,High,"TotalCharges, InternetService_Fiber optic, Contract_Month-to-month","InternetService_Fiber optic, Contract_Month-to-month, InternetService_DSL",Check fiber quality & price; offer a plan review,0
1346-UFHAX,0.4352,High,"tenure, InternetService_Fiber optic, Contract_Month-to-month","InternetService_Fiber optic, Contract_Month-to-month, InternetService_DSL",Check fiber quality & price; offer a plan review,0
8914-RBTSB,0.4333,High,"InternetService_Fiber optic, n_services, Contract_Month-to-month","InternetService_Fiber optic, n_services, Contract_Month-to-month",Check fiber quality & price; offer a plan review,1
9576-SYUHJ,0.4333,High,"InternetService_Fiber optic, Contract_Month-to-month, InternetService_DSL","InternetService_Fiber optic, Contract_Month-to-month, InternetService_DSL",Check fiber quality & price; offer a plan review,0
2277-VWCNI,0.4317,High,"tenure, charges_per_month, Contract_Month-to-month","Contract_Month-to-month, Contract_Two year, MonthlyCharges",Offer discount for a 1-year contract,0
7181-OQCUT,0.4312,High,"n_services, tenure, InternetService_Fiber optic","n_services, InternetService_Fiber optic, Contract_Month-to-month",Check fiber quality & price; offer a plan review,0
8601-QACRS,0.431,High,"tenure, charges_per_month, Contract_Month-to-month","Contract_Month-to-month, Contract_Two year, MonthlyCharges",Offer discount for a 1-year contract,1
1816-FLZDK,0.43,High,"tenure, charges_per_month, MonthlyCharges","MonthlyCharges, Contract_Month-to-month, Contract_Two year",Review plan pricing; offer a cheaper bundle,0
3374-LXDEV,0.4296,High,"tenure, InternetService_Fiber optic, n_services","InternetService_Fiber optic, n_services, Contract_Month-to-month",Check fiber quality & price; offer a plan review,1
0310-MVLET,0.4289,High,"TotalCharges, InternetService_Fiber optic, n_services","InternetService_Fiber optic, n_services, Contract_Month-to-month",Check fiber quality & price; offer a plan review,1
0963-ZBDRN,0.4284,High,"InternetService_Fiber optic, Contract_Month-to-month, InternetService_DSL","InternetService_Fiber optic, Contract_Month-to-month, InternetService_DSL",Check fiber quality & price; offer a plan review,1
1902-XBTFB,0.4263,High,"InternetService_Fiber optic, tenure, Contract_Month-to-month","InternetService_Fiber optic, Contract_Month-to-month, InternetService_DSL",Check fiber quality & price; offer a plan review,1
9661-MHUMO,0.4243,High,"tenure, charges_per_month, monthly_vs_avg","monthly_vs_avg, Contract_Month-to-month, Contract_Two year",Review recent price change; offer a loyalty credit,1
7503-QQRVF,0.4241,High,"tenure, InternetService_Fiber optic, Contract_Month-to-month","InternetService_Fiber optic, Contract_Month-to-month, InternetService_DSL",Check fiber quality & price; offer a plan review,1
2988-PLAHS,0.4236,High,"tenure, Contract_Two year, monthly_vs_avg","Contract_Two year, monthly_vs_avg, n_services",Review recent price change; offer a loyalty credit,0
5016-IBERQ,0.4214,High,"InternetService_Fiber optic, tenure, Contract_Month-to-month","InternetService_Fiber optic, Contract_Month-to-month, InternetService_DSL",Check fiber quality & price; offer a plan review,0
6542-LWGXJ,0.4209,High,"tenure, charges_per_month, MonthlyCharges","MonthlyCharges, Contract_Month-to-month, Contract_Two year",Review plan pricing; offer a cheaper bundle,0
9992-UJOEL,0.4195,High,"tenure, charges_per_month, Contract_Month-to-month","Contract_Month-to-month, monthly_vs_avg, Contract_Two year",Offer discount for a 1-year contract,0
6128-AQBMT,0.4159,High,"Contract_Month-to-month, Contract_Two year, PhoneService_Yes","Contract_Month-to-month, Contract_Two year, PhoneService_Yes",Offer discount for a 1-year contract,0
0322-CHQRU,0.4147,High,"tenure, charges_per_month, Contract_Month-to-month","Contract_Month-to-month, MonthlyCharges, Contract_Two year",Offer discount for a 1-year contract,1
5650-YLIBA,0.4146,High,"InternetService_Fiber optic, Contract_Month-to-month, InternetService_DSL","InternetService_Fiber optic, Contract_Month-to-month, InternetService_DSL",Check fiber quality & price; offer a plan review,0
6022-UGGSO,0.4144,High,"InternetService_Fiber optic, Contract_Month-to-month, InternetService_DSL","InternetService_Fiber optic, Contract_Month-to-month, InternetService_DSL",Check fiber quality & price; offer a plan review,1
8757-TFHHJ,0.4141,High,"tenure, charges_per_month, monthly_vs_avg","monthly_vs_avg, Contract_Month-to-month, Contract_Two year",Review recent price change; offer a loyalty credit,0
6331-LWDTQ,0.4135,High,"tenure, Contract_Month-to-month, Contract_Two year","Contract_Month-to-month, Contract_Two year, n_services",Offer discount for a 1-year contract,1
1261-FWTTE,0.4132,High,"charges_per_month, MonthlyCharges, tenure","MonthlyCharges, Contract_Month-to-month, Contract_Two year",Review plan pricing; offer a cheaper bundle,0
5828-AVIPD,0.4131,High,"tenure, InternetService_Fiber optic, n_services","InternetService_Fiber optic, n_services, InternetService_DSL",Check fiber quality & price; offer a plan review,1
2672-OJQZP,0.4121,High,"tenure, charges_per_month, Contract_Month-to-month","Contract_Month-to-month, monthly_vs_avg, MonthlyCharges",Offer discount for a 1-year contract,0
9381-NDKME,0.4116,High,"charges_per_month, tenure, MonthlyCharges","MonthlyCharges, Contract_Month-to-month, Contract_Two year",Review plan pricing; offer a cheaper bundle,1
2452-KDRRH,0.4103,High,"TotalCharges, InternetService_Fiber optic, n_services","InternetService_Fiber optic, n_services, Contract_Month-to-month",Check fiber quality & price; offer a plan review,0
7054-LGEQW,0.408,High,"tenure, charges_per_month, monthly_vs_avg","monthly_vs_avg, Contract_Month-to-month, MonthlyCharges",Review recent price change; offer a loyalty credit,1
9286-DOJGF,0.4072,High,"InternetService_Fiber optic, Contract_Month-to-month, InternetService_DSL","InternetService_Fiber optic, Contract_Month-to-month, InternetService_DSL",Check fiber quality & price; offer a plan review,1
2955-BJZHG,0.4065,High,"tenure, InternetService_Fiber optic, Contract_Month-to-month","InternetService_Fiber optic, Contract_Month-to-month, InternetService_DSL",Check fiber quality & price; offer a plan review,1
7129-ACFOG,0.4044,High,"tenure, Contract_Month-to-month, charges_per_month","Contract_Month-to-month, Contract_Two year, PaperlessBilling_No",Offer discount for a 1-year contract,0
0531-ZZJWQ,0.4043,High,"InternetService_Fiber optic, TotalCharges, Contract_Month-to-month","InternetService_Fiber optic, Contract_Month-to-month, InternetService_DSL",Check fiber quality & price; offer a plan review,0
9710-ZUSHQ,0.4043,High,"n_services, InternetService_Fiber optic, TotalCharges","n_services, InternetService_Fiber optic, Contract_Month-to-month",Check fiber quality & price; offer a plan review,1
3466-RITXD,0.4033,High,"InternetService_Fiber optic, n_services, Contract_Month-to-month","InternetService_Fiber optic, n_services, Contract_Month-to-month",Check fiber quality & price; offer a plan review,0
9369-XFEHK,0.4025,High,"InternetService_Fiber optic, Contract_Month-to-month, InternetService_DSL","InternetService_Fiber optic, Contract_Month-to-month, InternetService_DSL",Check fiber quality & price; offer a plan review,1
6845-RGTYS,0.4015,High,"n_services, TotalCharges, InternetService_Fiber optic","n_services, InternetService_Fiber optic, Contract_Month-to-month",Check fiber quality & price; offer a plan review,1
6402-EJMWF,0.4013,High,"tenure, Contract_Month-to-month, charges_per_month","Contract_Month-to-month, Contract_Two year, PaperlessBilling_No",Offer discount for a 1-year contract,0
6711-VTNRE,0.4009,High,"InternetService_Fiber optic, Contract_Month-to-month, InternetService_DSL","InternetService_Fiber optic, Contract_Month-to-month, InternetService_DSL",Check fiber quality & price; offer a plan review,1
1895-QTKDO,0.4007,High,"tenure, charges_per_month, Contract_Month-to-month","Contract_Month-to-month, monthly_vs_avg, MonthlyCharges",Offer discount for a 1-year contract,0
5609-IMCGG,0.4001,High,"tenure, InternetService_Fiber optic, Contract_Month-to-month","InternetService_Fiber optic, Contract_Month-to-month, InternetService_DSL",Check fiber quality & price; offer a plan review,0
6304-IJFSQ,0.3972,High,"tenure, charges_per_month, Contract_Month-to-month","Contract_Month-to-month, Contract_Two year, monthly_vs_avg",Offer discount for a 1-year contract,1
3569-EDBPQ,0.396,High,"InternetService_Fiber optic, tenure, Contract_Month-to-month","InternetService_Fiber optic, Contract_Month-to-month, InternetService_DSL",Check fiber quality & price; offer a plan review,0
5129-JLPIS,0.395,High,"n_services, InternetService_Fiber optic, Contract_Month-to-month","n_services, InternetService_Fiber optic, Contract_Month-to-month",Check fiber quality & price; offer a plan review,0
0422-UXFAP,0.3947,High,"TotalCharges, InternetService_Fiber optic, n_services","InternetService_Fiber optic, n_services, InternetService_DSL",Check fiber quality & price; offer a plan review,0
0096-BXERS,0.3945,High,"tenure, Contract_Month-to-month, charges_per_month","Contract_Month-to-month, Contract_Two year, MonthlyCharges",Offer discount for a 1-year contract,0
6946-LMSQS,0.3935,High,"InternetService_Fiber optic, tenure, InternetService_DSL","InternetService_Fiber optic, InternetService_DSL, Contract_Two year",Check fiber quality & price; offer a plan review,1
3540-RZJYU,0.3932,High,"tenure, InternetService_Fiber optic, Contract_Month-to-month","InternetService_Fiber optic, Contract_Month-to-month, InternetService_DSL",Check fiber quality & price; offer a plan review,1
4660-IRIBM,0.3932,High,"tenure, InternetService_Fiber optic, Contract_Month-to-month","InternetService_Fiber optic, Contract_Month-to-month, InternetService_DSL",Check fiber quality & price; offer a plan review,0
0430-IHCDJ,0.3928,High,"tenure, Contract_Month-to-month, charges_per_month","Contract_Month-to-month, Contract_Two year, MonthlyCharges",Offer discount for a 1-year contract,0
0730-KOAVE,0.3928,High,"InternetService_Fiber optic, n_services, Contract_Month-to-month","InternetService_Fiber optic, n_services, Contract_Month-to-month",Check fiber quality & price; offer a plan review,0
5207-PLSTK,0.3921,High,"tenure, charges_per_month, monthly_vs_avg","monthly_vs_avg, Contract_Month-to-month, Contract_Two year",Review recent price change; offer a loyalty credit,0
6729-GDNGC,0.3915,High,"tenure, InternetService_Fiber optic, Contract_Month-to-month","InternetService_Fiber optic, Contract_Month-to-month, InternetService_DSL",Check fiber quality & price; offer a plan review,0
2178-PMGCJ,0.3915,High,"InternetService_Fiber optic, tenure, Contract_Month-to-month","InternetService_Fiber optic, Contract_Month-to-month, InternetService_DSL",Check fiber quality & price; offer a plan review,0
2720-FVBQP,0.391,High,"tenure, charges_per_month, Contract_Month-to-month","Contract_Month-to-month, Contract_Two year, MonthlyCharges",Offer discount for a 1-year contract,0
7250-EQKIY,0.3896,High,"tenure, charges_per_month, monthly_vs_avg","monthly_vs_avg, Contract_Month-to-month, Contract_Two year",Review recent price change; offer a loyalty credit,1
4983-CLMLV,0.3891,High,"TotalCharges, n_services, InternetService_Fiber optic","n_services, InternetService_Fiber optic, Contract_Month-to-month",Check fiber quality & price; offer a plan review,0
7623-TRNQN,0.3881,High,"tenure, charges_per_month, monthly_vs_avg","monthly_vs_avg, Contract_Month-to-month, Contract_Two year",Review recent price change; offer a loyalty credit,1
7277-OZCGZ,0.3877,High,"InternetService_Fiber optic, tenure, Contract_Month-to-month","InternetService_Fiber optic, Contract_Month-to-month, InternetService_DSL",Check fiber quality & price; offer a plan review,0
3094-JOJAI,0.3869,High,"tenure, InternetService_Fiber optic, Contract_Month-to-month","InternetService_Fiber optic, Contract_Month-to-month, InternetService_DSL",Check fiber quality & price; offer a plan review,0
6080-TCMYC,0.3869,High,"InternetService_Fiber optic, Contract_Month-to-month, InternetService_DSL","InternetService_Fiber optic, Contract_Month-to-month, InternetService_DSL",Check fiber quality & price; offer a plan review,0
4760-THGOT,0.3868,High,"InternetService_Fiber optic, TotalCharges, n_services","InternetService_Fiber optic, n_services, Contract_Month-to-month",Check fiber quality & price; offer a plan review,0
3780-YVMFA,0.3861,High,"tenure, Contract_Month-to-month, Contract_Two year","Contract_Month-to-month, Contract_Two year, n_services",Offer discount for a 1-year contract,0
4208-UFFGW,0.3861,High,"tenure, charges_per_month, Contract_Month-to-month","Contract_Month-to-month, MonthlyCharges, Contract_Two year",Offer discount for a 1-year contract,1
2070-FNEXE,0.3857,High,"tenure, InternetService_Fiber optic, Contract_Month-to-month","InternetService_Fiber optic, Contract_Month-to-month, InternetService_DSL",Check fiber quality & price; offer a plan review,1
5651-YLPRD,0.3852,High,"InternetService_Fiber optic, Contract_Month-to-month, InternetService_DSL","InternetService_Fiber optic, Contract_Month-to-month, InternetService_DSL",Check fiber quality & price; offer a plan review,0
9512-UIBFX,0.3837,High,"tenure, InternetService_Fiber optic, Contract_Month-to-month","InternetService_Fiber optic, Contract_Month-to-month, InternetService_DSL",Check fiber quality & price; offer a plan review,1
3237-AJGEH,0.3836,High,"tenure, charges_per_month, MonthlyCharges","MonthlyCharges, Contract_Month-to-month, Contract_Two year",Review plan pricing; offer a cheaper bundle,1
4829-AUOAX,0.3835,High,"TotalCharges, InternetService_Fiber optic, Contract_Month-to-month","InternetService_Fiber optic, Contract_Month-to-month, InternetService_DSL",Check fiber quality & price; offer a plan review,1
6710-HSJRD,0.3825,High,"TotalCharges, n_services, InternetService_Fiber optic","n_services, InternetService_Fiber optic, Contract_Month-to-month",Check fiber quality & price; offer a plan review,0
8985-OOPOS,0.3791,Medium,"tenure, monthly_vs_avg, charges_per_month","monthly_vs_avg, n_services, Contract_Two year",Review recent price change; offer a loyalty credit,0
2606-RMDHZ,0.372,Medium,"tenure, charges_per_month, MonthlyCharges","MonthlyCharges, Contract_Month-to-month, Contract_Two year",Review plan pricing; offer a cheaper bundle,1
3207-OYBWH,0.3715,Medium,"TotalCharges, InternetService_Fiber optic, n_services","InternetService_Fiber optic, n_services, Contract_Month-to-month",Check fiber quality & price; offer a plan review,1
0265-PSUAE,0.3706,Medium,"tenure, InternetService_Fiber optic, n_services","InternetService_Fiber optic, n_services, Contract_Month-to-month",Check fiber quality & price; offer a plan review,0
4619-EVPHY,0.3664,Medium,"tenure, InternetService_Fiber optic, InternetService_DSL","InternetService_Fiber optic, InternetService_DSL, Contract_Two year",Check fiber quality & price; offer a plan review,0
1587-FKLZB,0.3661,Medium,"TotalCharges, InternetService_Fiber optic, n_services","InternetService_Fiber optic, n_services, Contract_Month-to-month",Check fiber quality & price; offer a plan review,1
3587-PMCOY,0.3651,Medium,"tenure, InternetService_Fiber optic, n_services","InternetService_Fiber optic, n_services, InternetService_DSL",Check fiber quality & price; offer a plan review,0
1310-QRITU,0.3647,Medium,"tenure, Contract_Month-to-month, charges_per_month","Contract_Month-to-month, Contract_Two year, MonthlyCharges",Offer discount for a 1-year contract,0
4526-ZJJTM,0.3639,Medium,"InternetService_Fiber optic, Contract_Month-to-month, tenure","InternetService_Fiber optic, Contract_Month-to-month, InternetService_DSL",Check fiber quality & price; offer a plan review,0
2432-TFSMK,0.3637,Medium,"tenure, InternetService_Fiber optic, InternetService_DSL","InternetService_Fiber optic, InternetService_DSL, Contract_Two year",Check fiber quality & price; offer a plan review,0
4223-WOZCM,0.3634,Medium,"tenure, charges_per_month, Contract_Month-to-month","Contract_Month-to-month, Contract_Two year, MonthlyCharges",Offer discount for a 1-year contract,0
2692-PFYTJ,0.3628,Medium,"tenure, charges_per_month, MonthlyCharges","MonthlyCharges, Contract_Month-to-month, InternetService_DSL",Review plan pricing; offer a cheaper bundle,0
3197-ARFOY,0.3606,Medium,"tenure, n_services, InternetService_Fiber optic","n_services, InternetService_Fiber optic, Contract_Month-to-month",Check fiber quality & price; offer a plan review,0
7055-HNEOJ,0.3603,Medium,"tenure, charges_per_month, Contract_Month-to-month","Contract_Month-to-month, Contract_Two year, monthly_vs_avg",Offer discount for a 1-year contract,0
4570-QHXHL,0.3585,Medium,"tenure, charges_per_month, Contract_Month-to-month","Contract_Month-to-month, MonthlyCharges, Contract_Two year",Offer discount for a 1-year contract,0
0363-QJVFX,0.3585,Medium,"n_services, InternetService_Fiber optic, Contract_Month-to-month","n_services, InternetService_Fiber optic, Contract_Month-to-month",Check fiber quality & price; offer a plan review,1
1357-BIJKI,0.3578,Medium,"TotalCharges, InternetService_Fiber optic, n_services","InternetService_Fiber optic, n_services, InternetService_DSL",Check fiber quality & price; offer a plan review,0
5103-MHMHY,0.3565,Medium,"tenure, charges_per_month, monthly_vs_avg","monthly_vs_avg, Contract_Month-to-month, MonthlyCharges",Review recent price change; offer a loyalty credit,1
5301-GAUUY,0.3564,Medium,"InternetService_Fiber optic, Contract_Month-to-month, InternetService_DSL","InternetService_Fiber optic, Contract_Month-to-month, InternetService_DSL",Check fiber quality & price; offer a plan review,1
6825-UYPFK,0.3546,Medium,"InternetService_Fiber optic, tenure, Contract_Month-to-month","InternetService_Fiber optic, Contract_Month-to-month, InternetService_DSL",Check fiber quality & price; offer a plan review,1
8623-ULFNQ,0.3543,Medium,"Contract_Month-to-month, tenure, Contract_Two year","Contract_Month-to-month, Contract_Two year, n_services",Offer discount for a 1-year contract,0
8988-ECPJR,0.3539,Medium,"InternetService_Fiber optic, Contract_Month-to-month, InternetService_DSL","InternetService_Fiber optic, Contract_Month-to-month, InternetService_DSL",Check fiber quality & price; offer a plan review,1
0410-IPFTY,0.3535,Medium,"InternetService_Fiber optic, Contract_Month-to-month, InternetService_DSL","InternetService_Fiber optic, Contract_Month-to-month, InternetService_DSL",Check fiber quality & price; offer a plan review,0
4905-JEFDW,0.3512,Medium,"tenure, charges_per_month, MonthlyCharges","MonthlyCharges, Contract_Two year, PhoneService_Yes",Review plan pricing; offer a cheaper bundle,1
4993-JCRGJ,0.3496,Medium,"InternetService_Fiber optic, Contract_Month-to-month, InternetService_DSL","InternetService_Fiber optic, Contract_Month-to-month, InternetService_DSL",Check fiber quality & price; offer a plan review,0
7504-UWHNB,0.3489,Medium,"InternetService_Fiber optic, Contract_Month-to-month, tenure","InternetService_Fiber optic, Contract_Month-to-month, InternetService_DSL",Check fiber quality & price; offer a plan review,0
6646-QVXLR,0.3485,Medium,"TotalCharges, n_services, InternetService_Fiber optic","n_services, InternetService_Fiber optic, InternetService_DSL",Check fiber quality & price; offer a plan review,1
2101-RANCD,0.3465,Medium,"InternetService_Fiber optic, TotalCharges, Contract_Month-to-month","InternetService_Fiber optic, Contract_Month-to-month, InternetService_DSL",Check fiber quality & price; offer a plan review,0
5419-KLXBN,0.3457,Medium,"InternetService_Fiber optic, Contract_Month-to-month, tenure","InternetService_Fiber optic, Contract_Month-to-month, InternetService_DSL",Check fiber quality & price; offer a plan review,1
2604-IJPDU,0.3457,Medium,"tenure, InternetService_Fiber optic, n_services","InternetService_Fiber optic, n_services, Contract_Month-to-month",Check fiber quality & price; offer a plan review,0
0599-XNYDO,0.3436,Medium,"tenure, InternetService_Fiber optic, Contract_Month-to-month","InternetService_Fiber optic, Contract_Month-to-month, InternetService_DSL",Check fiber quality & price; offer a plan review,0
3787-TRIAL,0.3427,Medium,"charges_per_month, MonthlyCharges, tenure","MonthlyCharges, Contract_Month-to-month, Contract_Two year",Review plan pricing; offer a cheaper bundle,0
8158-WPEZG,0.3407,Medium,"tenure, charges_per_month, MonthlyCharges","MonthlyCharges, Contract_Month-to-month, Contract_Two year",Review plan pricing; offer a cheaper bundle,0
0015-UOCOJ,0.3402,Medium,"tenure, charges_per_month, Contract_Month-to-month","Contract_Month-to-month, Contract_Two year, MonthlyCharges",Offer discount for a 1-year contract,0
3018-TFTSU,0.3391,Medium,"tenure, InternetService_Fiber optic, Contract_Month-to-month","InternetService_Fiber optic, Contract_Month-to-month, InternetService_DSL",Check fiber quality & price; offer a plan review,1
3923-CSIHK,0.3385,Medium,"InternetService_Fiber optic, Contract_Month-to-month, InternetService_DSL","InternetService_Fiber optic, Contract_Month-to-month, InternetService_DSL",Check fiber quality & price; offer a plan review,1
9079-YEXQJ,0.3379,Medium,"TotalCharges, n_services, InternetService_Fiber optic","n_services, InternetService_Fiber optic, Contract_Month-to-month",Check fiber quality & price; offer a plan review,1
0486-HECZI,0.3361,Medium,"TotalCharges, InternetService_Fiber optic, n_services","InternetService_Fiber optic, n_services, Contract_Month-to-month",Check fiber quality & price; offer a plan review,1
1559-DTODC,0.3342,Medium,"charges_per_month, MonthlyCharges, tenure","MonthlyCharges, Contract_Month-to-month, Contract_Two year",Review plan pricing; offer a cheaper bundle,0
7876-BEUTG,0.3339,Medium,"tenure, Contract_Month-to-month, charges_per_month","Contract_Month-to-month, Contract_Two year, MonthlyCharges",Offer discount for a 1-year contract,0
4724-WXVWF,0.3338,Medium,"TotalCharges, InternetService_Fiber optic, n_services","InternetService_Fiber optic, n_services, Contract_Month-to-month",Check fiber quality & price; offer a plan review,0
9819-FBNSV,0.3307,Medium,"InternetService_Fiber optic, Contract_Month-to-month, InternetService_DSL","InternetService_Fiber optic, Contract_Month-to-month, InternetService_DSL",Check fiber quality & price; offer a plan review,0
0979-PHULV,0.3307,Medium,"TotalCharges, InternetService_Fiber optic, n_services","InternetService_Fiber optic, n_services, Contract_Month-to-month",Check fiber quality & price; offer a plan review,1
9822-WMWVG,0.33,Medium,"n_services, TotalCharges, InternetService_Fiber optic","n_services, InternetService_Fiber optic, Contract_Month-to-month",Check fiber quality & price; offer a plan review,0
4226-KKDON,0.3288,Medium,"tenure, Contract_Month-to-month, Contract_Two year","Contract_Month-to-month, Contract_Two year, n_services",Offer discount for a 1-year contract,0
5934-TSSAU,0.3288,Medium,"InternetService_Fiber optic, tenure, Contract_Month-to-month","InternetService_Fiber optic, Contract_Month-to-month, InternetService_DSL",Check fiber quality & price; offer a plan review,0
0013-MHZWF,0.3283,Medium,"tenure, Contract_Month-to-month, Contract_Two year","Contract_Month-to-month, Contract_Two year, n_services",Offer discount for a 1-year contract,0
2480-SQIOB,0.3263,Medium,"tenure, charges_per_month, Contract_Month-to-month","Contract_Month-to-month, MonthlyCharges, Contract_Two year",Offer discount for a 1-year contract,0
9112-WSNPU,0.3245,Medium,"InternetService_Fiber optic, Contract_Month-to-month, InternetService_DSL","InternetService_Fiber optic, Contract_Month-to-month, InternetService_DSL",Check fiber quality & price; offer a plan review,0
0823-HSCDJ,0.3238,Medium,"Contract_Month-to-month, charges_per_month, Contract_Two year","Contract_Month-to-month, Contract_Two year, MonthlyCharges",Offer discount for a 1-year contract,1
4690-LLKUA,0.3231,Medium,"tenure, charges_per_month, Contract_Month-to-month","Contract_Month-to-month, MonthlyCharges, Contract_Two year",Offer discount for a 1-year contract,1
4329-YPDDQ,0.3218,Medium,"n_services, tenure, InternetService_Fiber optic","n_services, InternetService_Fiber optic, Contract_Month-to-month",Check fiber quality & price; offer a plan review,0
9812-GHVRI,0.3193,Medium,"InternetService_Fiber optic, Contract_Month-to-month, InternetService_DSL","InternetService_Fiber optic, Contract_Month-to-month, InternetService_DSL",Check fiber quality & price; offer a plan review,0
0365-GXEZS,0.3188,Medium,"tenure, InternetService_Fiber optic, Contract_Month-to-month","InternetService_Fiber optic, Contract_Month-to-month, InternetService_DSL",Check fiber quality & price; offer a plan review,0
7067-KSAZT,0.3163,Medium,"TotalCharges, n_services, InternetService_Fiber optic","n_services, InternetService_Fiber optic, InternetService_DSL",Check fiber quality & price; offer a plan review,1
2139-FQHLM,0.3159,Medium,"tenure, InternetService_Fiber optic, Contract_Month-to-month","InternetService_Fiber optic, Contract_Month-to-month, InternetService_DSL",Check fiber quality & price; offer a plan review,0
2960-NKRSO,0.3145,Medium,"InternetService_Fiber optic, tenure, Contract_Month-to-month","InternetService_Fiber optic, Contract_Month-to-month, InternetService_DSL",Check fiber quality & price; offer a plan review,0
2108-YKQTY,0.3117,Medium,"tenure, charges_per_month, Contract_Month-to-month","Contract_Month-to-month, monthly_vs_avg, Contract_Two year",Offer discount for a 1-year contract,1
8450-JOVAH,0.3113,Medium,"tenure, charges_per_month, Contract_Month-to-month","Contract_Month-to-month, monthly_vs_avg, Contract_Two year",Offer discount for a 1-year contract,1
2770-NSVDG,0.3111,Medium,"charges_per_month, MonthlyCharges, tenure","MonthlyCharges, Contract_Month-to-month, Contract_Two year",Review plan pricing; offer a cheaper bundle,0
6429-SHBCB,0.311,Medium,"tenure, Contract_Month-to-month, Contract_Two year","Contract_Month-to-month, Contract_Two year, n_services",Offer discount for a 1-year contract,0
6227-HWPWX,0.3102,Medium,"tenure, InternetService_Fiber optic, Contract_Month-to-month","InternetService_Fiber optic, Contract_Month-to-month, InternetService_DSL",Check fiber quality & price; offer a plan review,1
2386-OWURY,0.309,Medium,"TotalCharges, InternetService_Fiber optic, Contract_Month-to-month","InternetService_Fiber optic, Contract_Month-to-month, InternetService_DSL",Check fiber quality & price; offer a plan review,0
3069-SSVSN,0.3089,Medium,"tenure, charges_per_month, MonthlyCharges","MonthlyCharges, Contract_Two year, PhoneService_Yes",Review plan pricing; offer a cheaper bundle,0
1205-WNWPJ,0.3084,Medium,"tenure, Contract_Month-to-month, Contract_Two year","Contract_Month-to-month, Contract_Two year, PaperlessBilling_No",Offer discount for a 1-year contract,1
0471-ARVMX,0.3079,Medium,"TotalCharges, n_services, InternetService_Fiber optic","n_services, InternetService_Fiber optic, InternetService_DSL",Check fiber quality & price; offer a plan review,0
7669-LCRSD,0.3072,Medium,"tenure, Contract_Month-to-month, charges_per_month","Contract_Month-to-month, Contract_Two year, PaperlessBilling_No",Offer discount for a 1-year contract,0
0327-WFZSY,0.3057,Medium,"InternetService_Fiber optic, n_services, TotalCharges","InternetService_Fiber optic, n_services, InternetService_DSL",Check fiber quality & price; offer a plan review,0
8033-VCZGH,0.3053,Medium,"TotalCharges, n_services, InternetService_Fiber optic","n_services, InternetService_Fiber optic, InternetService_DSL",Check fiber quality & price; offer a plan review,0
1956-YIFGE,0.3039,Medium,"InternetService_Fiber optic, tenure, n_services","InternetService_Fiber optic, n_services, InternetService_DSL",Check fiber quality & price; offer a plan review,0
5213-TWWJU,0.3039,Medium,"InternetService_Fiber optic, Contract_Month-to-month, InternetService_DSL","InternetService_Fiber optic, Contract_Month-to-month, InternetService_DSL",Check fiber quality & price; offer a plan review,0
7733-UDMTP,0.3036,Medium,"Contract_Month-to-month, Contract_Two year, PhoneService_Yes","Contract_Month-to-month, Contract_Two year, PhoneService_Yes",Offer discount for a 1-year contract,0
7579-OOPEC,0.3031,Medium,"tenure, charges_per_month, Contract_Month-to-month","Contract_Month-to-month, Contract_Two year, MonthlyCharges",Offer discount for a 1-year contract,1
1550-LOAHA,0.3027,Medium,"InternetService_Fiber optic, Contract_Month-to-month, InternetService_DSL","InternetService_Fiber optic, Contract_Month-to-month, InternetService_DSL",Check fiber quality & price; offer a plan review,1
6284-KMNUF,0.3021,Medium,"TotalCharges, InternetService_Fiber optic, n_services","InternetService_Fiber optic, n_services, InternetService_DSL",Check fiber quality & price; offer a plan review,0
8805-JNRAZ,0.3021,Medium,"tenure, charges_per_month, Contract_Month-to-month","Contract_Month-to-month, Contract_Two year, MonthlyCharges",Offer discount for a 1-year contract,0
1169-WCVAK,0.3018,Medium,"tenure, InternetService_Fiber optic, n_services","InternetService_Fiber optic, n_services, Contract_Month-to-month",Check fiber quality & price; offer a plan review,0
2190-BCXEC,0.3008,Medium,"InternetService_Fiber optic, Contract_Month-to-month, InternetService_DSL","InternetService_Fiber optic, Contract_Month-to-month, InternetService_DSL",Check fiber quality & price; offer a plan review,0
2480-EJWYP,0.2985,Medium,"TotalCharges, InternetService_Fiber optic, n_services","InternetService_Fiber optic, n_services, InternetService_DSL",Check fiber quality & price; offer a plan review,0
3173-NVMPX,0.2981,Medium,"tenure, Contract_Month-to-month, Contract_Two year","Contract_Month-to-month, Contract_Two year, PaperlessBilling_No",Offer discount for a 1-year contract,0
6770-XUAGN,0.2979,Medium,"tenure, charges_per_month, MonthlyCharges","MonthlyCharges, Contract_Month-to-month, InternetService_DSL",Review plan pricing; offer a cheaper bundle,1
3466-WAESX,0.2976,Medium,"tenure, n_services, Contract_Month-to-month","n_services, Contract_Month-to-month, Contract_Two year",Offer discount for a 1-year contract,0
2522-AHJXR,0.2971,Medium,"TotalCharges, n_services, InternetService_Fiber optic","n_services, InternetService_Fiber optic, Contract_Month-to-month",Check fiber quality & price; offer a plan review,0
5804-HYIEZ,0.2965,Medium,"TotalCharges, n_services, InternetService_Fiber optic","n_services, InternetService_Fiber optic, Contract_Month-to-month",Check fiber quality & price; offer a plan review,0
9700-ISPUP,0.2965,Medium,"tenure, Contract_Month-to-month, Contract_Two year","Contract_Month-to-month, Contract_Two year, n_services",Offer discount for a 1-year contract,0
5630-AHZIL,0.2963,Medium,"tenure, charges_per_month, Contract_Month-to-month","Contract_Month-to-month, monthly_vs_avg, Contract_Two year",Offer discount for a 1-year contract,0
5575-TPIZQ,0.2947,Medium,"InternetService_Fiber optic, TotalCharges, Contract_Month-to-month","InternetService_Fiber optic, Contract_Month-to-month, InternetService_DSL",Check fiber quality & price; offer a plan review,0
7251-LJBQN,0.2937,Medium,"n_services, InternetService_Fiber optic, TotalCharges","n_services, InternetService_Fiber optic, InternetService_DSL",Check fiber quality & price; offer a plan review,0
4396-KLSEH,0.2931,Medium,"tenure, charges_per_month, MonthlyCharges","MonthlyCharges, Contract_Month-to-month, InternetService_DSL",Review plan pricing; offer a cheaper bundle,0
3567-PQTSO,0.292,Medium,"TotalCharges, n_services, InternetService_Fiber optic","n_services, InternetService_Fiber optic, InternetService_DSL",Check fiber quality & price; offer a plan review,0
1174-FGIFN,0.2918,Medium,"InternetService_Fiber optic, InternetService_DSL, Contract_Two year","InternetService_Fiber optic, InternetService_DSL, Contract_Two year",Check fiber quality & price; offer a plan review,0
6257-RJOHI,0.2894,Medium,"tenure, charges_per_month, Contract_Month-to-month","Contract_Month-to-month, Contract_Two year, MonthlyCharges",Offer discount for a 1-year contract,0
9537-VHDTA,0.2893,Medium,"tenure, charges_per_month, monthly_vs_avg","monthly_vs_avg, Contract_Month-to-month, Contract_Two year",Review recent price change; offer a loyalty credit,0
3594-KADLU,0.2892,Medium,"tenure, charges_per_month, MonthlyCharges","MonthlyCharges, Contract_Month-to-month, Contract_Two year",Review plan pricing; offer a cheaper bundle,0
0058-EVZWM,0.2879,Medium,"TotalCharges, InternetService_Fiber optic, Contract_Month-to-month","InternetService_Fiber optic, Contract_Month-to-month, InternetService_DSL",Check fiber quality & price; offer a plan review,0
4323-SADQS,0.2875,Medium,"tenure, charges_per_month, MonthlyCharges","MonthlyCharges, Contract_Month-to-month, Contract_Two year",Review plan pricing; offer a cheaper bundle,1
4067-HLYQI,0.2869,Medium,"InternetService_Fiber optic, Contract_Month-to-month, InternetService_DSL","InternetService_Fiber optic, Contract_Month-to-month, InternetService_DSL",Check fiber quality & price; offer a plan review,0
8840-DQLGN,0.286,Medium,"n_services, InternetService_Fiber optic, Contract_Month-to-month","n_services, InternetService_Fiber optic, Contract_Month-to-month",Check fiber quality & price; offer a plan review,1
9544-PYPSJ,0.2859,Medium,"TotalCharges, InternetService_Fiber optic, n_services","InternetService_Fiber optic, n_services, Contract_Month-to-month",Check fiber quality & price; offer a plan review,0
2257-BOVXD,0.2858,Medium,"tenure, Contract_Month-to-month, Contract_Two year","Contract_Month-to-month, Contract_Two year, n_services",Offer discount for a 1-year contract,0
7398-LXGYX,0.2835,Medium,"InternetService_Fiber optic, Contract_Month-to-month, TotalCharges","InternetService_Fiber optic, Contract_Month-to-month, InternetService_DSL",Check fiber quality & price; offer a plan review,0
2478-EEWWM,0.2821,Medium,"charges_per_month, Contract_Month-to-month, MonthlyCharges","Contract_Month-to-month, MonthlyCharges, Contract_Two year",Offer discount for a 1-year contract,0
2924-KHUVI,0.2815,Medium,"TotalCharges, InternetService_Fiber optic, n_services","InternetService_Fiber optic, n_services, InternetService_DSL",Check fiber quality & price; offer a plan review,0
1370-GGAWX,0.2795,Medium,"TotalCharges, InternetService_Fiber optic, n_services","InternetService_Fiber optic, n_services, InternetService_DSL",Check fiber quality & price; offer a plan review,0
2669-QVCRG,0.2785,Medium,"InternetService_Fiber optic, Contract_Month-to-month, InternetService_DSL","InternetService_Fiber optic, Contract_Month-to-month, InternetService_DSL",Check fiber quality & price; offer a plan review,0
5136-GFPMB,0.278,Medium,"TotalCharges, InternetService_Fiber optic, Contract_Month-to-month","InternetService_Fiber optic, Contract_Month-to-month, InternetService_DSL",Check fiber quality & price; offer a plan review,0
4937-QPZPO,0.2774,Medium,"TotalCharges, InternetService_Fiber optic, n_services","InternetService_Fiber optic, n_services, InternetService_DSL",Check fiber quality & price; offer a plan review,0
9767-FFLEM,0.2765,Medium,"InternetService_Fiber optic, Contract_Month-to-month, InternetService_DSL","InternetService_Fiber optic, Contract_Month-to-month, InternetService_DSL",Check fiber quality & price; offer a plan review,0
1465-LNTLJ,0.2759,Medium,"tenure, Contract_Month-to-month, Contract_Two year","Contract_Month-to-month, Contract_Two year, n_services",Offer discount for a 1-year contract,0
5402-HTOTQ,0.2721,Medium,"tenure, Contract_Month-to-month, Contract_Two year","Contract_Month-to-month, Contract_Two year, MultipleLines_No",Offer discount for a 1-year contract,0
4667-OHGKG,0.2719,Medium,"tenure, charges_per_month, MonthlyCharges","MonthlyCharges, Contract_Month-to-month, InternetService_DSL",Review plan pricing; offer a cheaper bundle,1
1622-HSHSF,0.2712,Medium,"tenure, charges_per_month, MonthlyCharges","MonthlyCharges, Contract_Month-to-month, InternetService_DSL",Review plan pricing; offer a cheaper bundle,0
2369-FEVNO,0.2702,Medium,"tenure, charges_per_month, MonthlyCharges","MonthlyCharges, Contract_Month-to-month, InternetService_DSL",Review plan pricing; offer a cheaper bundle,0
1240-KNSEZ,0.2696,Medium,"tenure, charges_per_month, MonthlyCharges","MonthlyCharges, Contract_Month-to-month, InternetService_DSL",Review plan pricing; offer a cheaper bundle,1
4695-VADHF,0.2695,Medium,"tenure, Contract_Month-to-month, Contract_Two year","Contract_Month-to-month, Contract_Two year, PaymentMethod_Electronic check",Offer discount for a 1-year contract,1
8728-SKJLR,0.2694,Medium,"InternetService_Fiber optic, Contract_Month-to-month, InternetService_DSL","InternetService_Fiber optic, Contract_Month-to-month, InternetService_DSL",Check fiber quality & price; offer a plan review,0
5949-HGVJL,0.2685,Medium,"n_services, Contract_Month-to-month, tenure","n_services, Contract_Month-to-month, Contract_Two year",Offer discount for a 1-year contract,0
7854-EKTJL,0.2677,Medium,"tenure, charges_per_month, MonthlyCharges","MonthlyCharges, Contract_Month-to-month, InternetService_DSL",Review plan pricing; offer a cheaper bundle,1
9089-UOWJG,0.2666,Medium,"tenure, Contract_Month-to-month, Contract_Two year","Contract_Month-to-month, Contract_Two year, PaperlessBilling_No",Offer discount for a 1-year contract,0
2279-AXJJK,0.2666,Medium,"TotalCharges, InternetService_Fiber optic, n_services","InternetService_Fiber optic, n_services, Contract_Month-to-month",Check fiber quality & price; offer a plan review,0
6664-FPDAC,0.2659,Medium,"TotalCharges, n_services, InternetService_Fiber optic","n_services, InternetService_Fiber optic, InternetService_DSL",Check fiber quality & price; offer a plan review,1
2955-PSXOE,0.2647,Medium,"tenure, charges_per_month, MonthlyCharges","MonthlyCharges, Contract_Month-to-month, InternetService_DSL",Review plan pricing; offer a cheaper bundle,1
1493-AMTIE,0.2647,Medium,"tenure, charges_per_month, MonthlyCharges","MonthlyCharges, Contract_Month-to-month, InternetService_DSL",Review plan pricing; offer a cheaper bundle,1
7124-UGSUR,0.2629,Medium,"TotalCharges, n_services, InternetService_Fiber optic","n_services, InternetService_Fiber optic, InternetService_DSL",Check fiber quality & price; offer a plan review,1
4640-UHDOS,0.2626,Medium,"tenure, Contract_Month-to-month, Contract_Two year","Contract_Month-to-month, Contract_Two year, PaymentMethod_Electronic check",Offer discount for a 1-year contract,1
8992-CEUEN,0.2623,Medium,"tenure, charges_per_month, MonthlyCharges","MonthlyCharges, Contract_Month-to-month, InternetService_DSL",Review plan pricing; offer a cheaper bundle,0
6559-RAKOZ,0.2621,Medium,"TotalCharges, InternetService_Fiber optic, n_services","InternetService_Fiber optic, n_services, InternetService_DSL",Check fiber quality & price; offer a plan review,0
7251-XFOIL,0.2619,Medium,"TotalCharges, InternetService_Fiber optic, Contract_Month-to-month","InternetService_Fiber optic, Contract_Month-to-month, InternetService_DSL",Check fiber quality & price; offer a plan review,0
9481-SFCQY,0.2607,Medium,"tenure, Contract_Month-to-month, Contract_Two year","Contract_Month-to-month, Contract_Two year, PaperlessBilling_No",Offer discount for a 1-year contract,0
7853-WNZSY,0.2592,Medium,"tenure, charges_per_month, MonthlyCharges","MonthlyCharges, Contract_Month-to-month, InternetService_DSL",Review plan pricing; offer a cheaper bundle,0
2195-VVRJF,0.2591,Medium,"tenure, Contract_Month-to-month, Contract_Two year","Contract_Month-to-month, Contract_Two year, PaperlessBilling_No",Offer discount for a 1-year contract,0
0742-MOABM,0.2588,Medium,"tenure, charges_per_month, Contract_Month-to-month","Contract_Month-to-month, Contract_Two year, MonthlyCharges",Offer discount for a 1-year contract,1
3756-VNWDH,0.2587,Medium,"TotalCharges, InternetService_Fiber optic, n_services","InternetService_Fiber optic, n_services, InternetService_DSL",Check fiber quality & price; offer a plan review,0
5438-QMDDL,0.258,Medium,"tenure, Contract_Month-to-month, Contract_Two year","Contract_Month-to-month, Contract_Two year, PaperlessBilling_No",Offer discount for a 1-year contract,0
7893-IXHRQ,0.2577,Medium,"tenure, charges_per_month, MonthlyCharges","MonthlyCharges, Contract_Month-to-month, InternetService_DSL",Review plan pricing; offer a cheaper bundle,1
8620-RJPZN,0.2573,Medium,"tenure, charges_per_month, MonthlyCharges","MonthlyCharges, Contract_Month-to-month, InternetService_DSL",Review plan pricing; offer a cheaper bundle,0
4819-HJPIW,0.257,Medium,"charges_per_month, tenure, MonthlyCharges","MonthlyCharges, Contract_Month-to-month, Contract_Two year",Review plan pricing; offer a cheaper bundle,0
3325-FUYCG,0.2547,Medium,"n_services, InternetService_Fiber optic, InternetService_DSL","n_services, InternetService_Fiber optic, InternetService_DSL",Check fiber quality & price; offer a plan review,1
5136-RGMZO,0.2541,Medium,"n_services, Contract_Month-to-month, Contract_Two year","n_services, Contract_Month-to-month, Contract_Two year",Offer discount for a 1-year contract,0
1217-VASWC,0.2539,Medium,"TotalCharges, InternetService_Fiber optic, n_services","InternetService_Fiber optic, n_services, InternetService_DSL",Check fiber quality & price; offer a plan review,0
7629-WIXZF,0.2537,Medium,"tenure, charges_per_month, Contract_Two year","Contract_Two year, PaperlessBilling_No, monthly_vs_avg",Review recent price change; offer a loyalty credit,0
6769-DYBQN,0.2529,Medium,"InternetService_Fiber optic, TotalCharges, Contract_Month-to-month","InternetService_Fiber optic, Contract_Month-to-month, InternetService_DSL",Check fiber quality & price; offer a plan review,1
1470-PSXNM,0.2528,Medium,"TotalCharges, InternetService_Fiber optic, n_services","InternetService_Fiber optic, n_services, InternetService_DSL",Check fiber quality & price; offer a plan review,0
5949-EBSQK,0.2527,Medium,"tenure, Contract_Month-to-month, charges_per_month","Contract_Month-to-month, Contract_Two year, monthly_vs_avg",Offer discount for a 1-year contract,1
6713-OKOMC,0.2499,Medium,"tenure, charges_per_month, MonthlyCharges","MonthlyCharges, Contract_Month-to-month, Contract_Two year",Review plan pricing; offer a cheaper bundle,0
0431-APWVY,0.2489,Medium,"InternetService_Fiber optic, InternetService_DSL, Contract_Two year","InternetService_Fiber optic, InternetService_DSL, Contract_Two year",Check fiber quality & price; offer a plan review,1
7426-WEIJX,0.2489,Medium,"TotalCharges, InternetService_Fiber optic, Contract_Month-to-month","InternetService_Fiber optic, Contract_Month-to-month, InternetService_DSL",Check fiber quality & price; offer a plan review,0
6815-ABQFQ,0.2486,Medium,"TotalCharges, n_services, InternetService_Fiber optic","n_services, InternetService_Fiber optic, InternetService_DSL",Check fiber quality & price; offer a plan review,0
2293-IJWPS,0.2482,Medium,"TotalCharges, InternetService_Fiber optic, n_services","InternetService_Fiber optic, n_services, InternetService_DSL",Check fiber quality & price; offer a plan review,0
6234-PFPXL,0.2471,Medium,"InternetService_Fiber optic, tenure, n_services","InternetService_Fiber optic, n_services, Contract_Month-to-month",Check fiber quality & price; offer a plan review,0
7410-KTVFV,0.2458,Medium,"tenure, Contract_Month-to-month, charges_per_month","Contract_Month-to-month, Contract_Two year, MonthlyCharges",Offer discount for a 1-year contract,1
0701-TJSEF,0.2454,Medium,"tenure, n_services, Contract_Month-to-month","n_services, Contract_Month-to-month, Contract_Two year",Offer discount for a 1-year contract,0
0668-OGMHD,0.2453,Medium,"charges_per_month, MonthlyCharges, tenure","MonthlyCharges, Contract_Month-to-month, Contract_Two year",Review plan pricing; offer a cheaper bundle,0
9327-QSDED,0.2452,Medium,"tenure, charges_per_month, Contract_Month-to-month","Contract_Month-to-month, MonthlyCharges, Contract_Two year",Offer discount for a 1-year contract,0
1360-JYXKQ,0.245,Medium,"TotalCharges, InternetService_Fiber optic, n_services","InternetService_Fiber optic, n_services, InternetService_DSL",Check fiber quality & price; offer a plan review,0
4468-YDOVK,0.2435,Medium,"tenure, charges_per_month, Contract_Month-to-month","Contract_Month-to-month, Contract_Two year, MonthlyCharges",Offer discount for a 1-year contract,0
2778-OCLGR,0.2429,Medium,"charges_per_month, MonthlyCharges, tenure","MonthlyCharges, Contract_Month-to-month, Contract_Two year",Review plan pricing; offer a cheaper bundle,1
1575-KRZZE,0.2426,Medium,"tenure, charges_per_month, Contract_Month-to-month","Contract_Month-to-month, Contract_Two year, MonthlyCharges",Offer discount for a 1-year contract,0
4524-QCSSM,0.2417,Medium,"charges_per_month, Contract_Month-to-month, MonthlyCharges","Contract_Month-to-month, MonthlyCharges, Contract_Two year",Offer discount for a 1-year contract,0
9629-NHXFW,0.2402,Medium,"tenure, charges_per_month, MonthlyCharges","MonthlyCharges, Contract_Month-to-month, InternetService_DSL",Review plan pricing; offer a cheaper bundle,0
1848-LBZHY,0.24,Medium,"tenure, charges_per_month, Contract_Month-to-month","Contract_Month-to-month, Contract_Two year, MonthlyCharges",Offer discount for a 1-year contract,0
6184-DYUOB,0.2396,Medium,"tenure, charges_per_month, MonthlyCharges","MonthlyCharges, Contract_Month-to-month, InternetService_DSL",Review plan pricing; offer a cheaper bundle,0
0719-SYFRB,0.2391,Medium,"tenure, n_services, Contract_Month-to-month","n_services, Contract_Month-to-month, Contract_Two year",Offer discount for a 1-year contract,1
0913-XWSCN,0.2388,Medium,"TotalCharges, InternetService_Fiber optic, Contract_Month-to-month","InternetService_Fiber optic, Contract_Month-to-month, InternetService_DSL",Check fiber quality & price; offer a plan review,0
4753-PADAS,0.2384,Medium,"TotalCharges, n_services, InternetService_Fiber optic","n_services, InternetService_Fiber optic, InternetService_DSL",Check fiber quality & price; offer a plan review,0
1110-KYLGQ,0.2378,Medium,"TotalCharges, n_services, InternetService_Fiber optic","n_services, InternetService_Fiber optic, Contract_Month-to-month",Check fiber quality & price; offer a plan review,0
6773-LQTVT,0.2371,Medium,"charges_per_month, MonthlyCharges, Contract_Month-to-month","MonthlyCharges, Contract_Month-to-month, Contract_Two year",Review plan pricing; offer a cheaper bundle,0
5600-PDUJF,0.2362,Medium,"tenure, Contract_Month-to-month, charges_per_month","Contract_Month-to-month, Contract_Two year, MonthlyCharges",Offer discount for a 1-year contract,0
3594-IVHJZ,0.2346,Medium,"tenure, charges_per_month, MonthlyCharges","MonthlyCharges, Contract_Month-to-month, InternetService_DSL",Review plan pricing; offer a cheaper bundle,0
8190-ZTQFB,0.2337,Medium,"Contract_Two year, charges_per_month, PhoneService_Yes","Contract_Two year, PhoneService_Yes, MonthlyCharges",Review plan pricing; offer a cheaper bundle,0
6890-PFRQX,0.2325,Medium,"tenure, n_services, Contract_Month-to-month","n_services, Contract_Month-to-month, Contract_Two year",Offer discount for a 1-year contract,0
7750-EYXWZ,0.2324,Medium,"tenure, n_services, Contract_Two year","n_services, Contract_Two year, PhoneService_Yes",Standard retention call,0
9374-YOLBJ,0.2306,Medium,"tenure, charges_per_month, MonthlyCharges","MonthlyCharges, Contract_Month-to-month, InternetService_DSL",Review plan pricing; offer a cheaper bundle,0
3679-XASPY,0.2301,Medium,"tenure, charges_per_month, MonthlyCharges","MonthlyCharges, Contract_Month-to-month, InternetService_DSL",Review plan pricing; offer a cheaper bundle,0
6874-SGLHU,0.2299,Medium,"InternetService_Fiber optic, InternetService_DSL, Contract_Two year","InternetService_Fiber optic, InternetService_DSL, Contract_Two year",Check fiber quality & price; offer a plan review,0
6854-EXGSF,0.2298,Medium,"tenure, n_services, Contract_Month-to-month","n_services, Contract_Month-to-month, Contract_Two year",Offer discount for a 1-year contract,0
6270-OMFIW,0.2295,Medium,"TotalCharges, InternetService_Fiber optic, InternetService_DSL","InternetService_Fiber optic, InternetService_DSL, Contract_Two year",Check fiber quality & price; offer a plan review,1
4945-RVMTE,0.2291,Medium,"Contract_Month-to-month, Contract_Two year, tenure","Contract_Month-to-month, Contract_Two year, PaperlessBilling_No",Offer discount for a 1-year contract,0
1809-DMJHQ,0.2261,Medium,"tenure, charges_per_month, Contract_Month-to-month","Contract_Month-to-month, MonthlyCharges, Contract_Two year",Offer discount for a 1-year contract,1
9844-FELAJ,0.226,Medium,"TotalCharges, n_services, InternetService_Fiber optic","n_services, InternetService_Fiber optic, InternetService_DSL",Check fiber quality & price; offer a plan review,0
6366-XIVKZ,0.2259,Medium,"tenure, Contract_Month-to-month, Contract_Two year","Contract_Month-to-month, Contract_Two year, n_services",Offer discount for a 1-year contract,0
1087-UDSIH,0.2227,Medium,"tenure, charges_per_month, MonthlyCharges","MonthlyCharges, Contract_Month-to-month, InternetService_DSL",Review plan pricing; offer a cheaper bundle,1
8455-HIRAQ,0.2218,Medium,"tenure, charges_per_month, Contract_Month-to-month","Contract_Month-to-month, MonthlyCharges, Contract_Two year",Offer discount for a 1-year contract,0
3982-XWFZQ,0.2215,Medium,"Contract_Month-to-month, Contract_Two year, MonthlyCharges","Contract_Month-to-month, Contract_Two year, MonthlyCharges",Offer discount for a 1-year contract,1
0959-WHOKV,0.2204,Medium,"n_services, TotalCharges, InternetService_Fiber optic","n_services, InternetService_Fiber optic, InternetService_DSL",Check fiber quality & price; offer a plan review,0
8713-IGZSO,0.2204,Medium,"tenure, charges_per_month, MonthlyCharges","MonthlyCharges, Contract_Month-to-month, InternetService_DSL",Review plan pricing; offer a cheaper bundle,0
3339-EAQNV,0.2197,Medium,"TotalCharges, InternetService_Fiber optic, n_services","InternetService_Fiber optic, n_services, InternetService_DSL",Check fiber quality & price; offer a plan review,0
4003-FUSHP,0.2195,Medium,"tenure, Contract_Month-to-month, Contract_Two year","Contract_Month-to-month, Contract_Two year, PaperlessBilling_No",Offer discount for a 1-year contract,0
9103-TCIHJ,0.2176,Medium,"tenure, Contract_Month-to-month, Contract_Two year","Contract_Month-to-month, Contract_Two year, PaperlessBilling_No",Offer discount for a 1-year contract,1
2828-SLQPF,0.2142,Medium,"tenure, charges_per_month, Contract_Month-to-month","Contract_Month-to-month, MonthlyCharges, Contract_Two year",Offer discount for a 1-year contract,0
4672-FOTSD,0.2136,Medium,"tenure, n_services, Contract_Month-to-month","n_services, Contract_Month-to-month, Contract_Two year",Offer discount for a 1-year contract,0
9163-GHAYE,0.2122,Medium,"tenure, Contract_Month-to-month, charges_per_month","Contract_Month-to-month, Contract_Two year, MonthlyCharges",Offer discount for a 1-year contract,0
4693-VWVBO,0.2113,Medium,"tenure, charges_per_month, MonthlyCharges","MonthlyCharges, Contract_Month-to-month, InternetService_DSL",Review plan pricing; offer a cheaper bundle,0
1074-AMIOH,0.2089,Medium,"TotalCharges, n_services, InternetService_Fiber optic","n_services, InternetService_Fiber optic, Contract_Month-to-month",Check fiber quality & price; offer a plan review,0
3179-GBRWV,0.2074,Medium,"tenure, Contract_Month-to-month, Contract_Two year","Contract_Month-to-month, Contract_Two year, n_services",Offer discount for a 1-year contract,0
1015-OWJKI,0.2052,Medium,"tenure, charges_per_month, MonthlyCharges","MonthlyCharges, Contract_Month-to-month, InternetService_DSL",Review plan pricing; offer a cheaper bundle,0
7134-MJPDY,0.2049,Medium,"TotalCharges, n_services, InternetService_Fiber optic","n_services, InternetService_Fiber optic, InternetService_DSL",Check fiber quality & price; offer a plan review,0
2391-SOORI,0.2045,Medium,"tenure, charges_per_month, Contract_Month-to-month","Contract_Month-to-month, Contract_Two year, MonthlyCharges",Offer discount for a 1-year contract,1
5766-ZJYBB,0.2044,Medium,"tenure, charges_per_month, MonthlyCharges","MonthlyCharges, Contract_Month-to-month, InternetService_DSL",Review plan pricing; offer a cheaper bundle,1
3930-ZGWVE,0.2036,Medium,"tenure, charges_per_month, MonthlyCharges","MonthlyCharges, Contract_Month-to-month, InternetService_DSL",Review plan pricing; offer a cheaper bundle,0
7239-HZZCX,0.2036,Medium,"tenure, charges_per_month, MonthlyCharges","MonthlyCharges, Contract_Month-to-month, InternetService_DSL",Review plan pricing; offer a cheaper bundle,1
4892-VLANZ,0.2035,Medium,"tenure, charges_per_month, MonthlyCharges","MonthlyCharges, Contract_Month-to-month, InternetService_DSL",Review plan pricing; offer a cheaper bundle,1
6473-ULUHT,0.2034,Medium,"n_services, tenure, Contract_Month-to-month","n_services, Contract_Month-to-month, Contract_Two year",Offer discount for a 1-year contract,0
6654-QGBZZ,0.2033,Medium,"tenure, charges_per_month, MonthlyCharges","MonthlyCharges, Contract_Month-to-month, InternetService_DSL",Review plan pricing; offer a cheaper bundle,0
6286-SUUWT,0.2032,Medium,"tenure, charges_per_month, MonthlyCharges","MonthlyCharges, Contract_Month-to-month, InternetService_DSL",Review plan pricing; offer a cheaper bundle,0
8749-CLJXC,0.203,Medium,"tenure, charges_per_month, MonthlyCharges","MonthlyCharges, Contract_Month-to-month, InternetService_DSL",Review plan pricing; offer a cheaper bundle,0
0463-WZZKO,0.2025,Medium,"tenure, charges_per_month, MonthlyCharges","MonthlyCharges, Contract_Month-to-month, InternetService_DSL",Review plan pricing; offer a cheaper bundle,0
4211-MMAZN,0.2025,Medium,"tenure, charges_per_month, MonthlyCharges","MonthlyCharges, Contract_Month-to-month, InternetService_DSL",Review plan pricing; offer a cheaper bundle,1
9122-UMROB,0.2024,Medium,"tenure, charges_per_month, MonthlyCharges","MonthlyCharges, Contract_Month-to-month, InternetService_DSL",Review plan pricing; offer a cheaper bundle,0
4701-AHWMW,0.2023,Medium,"Contract_Month-to-month, Contract_Two year, PhoneService_Yes","Contract_Month-to-month, Contract_Two year, PhoneService_Yes",Offer discount for a 1-year contract,1
1963-VAUKV,0.2022,Medium,"tenure, charges_per_month, MonthlyCharges","MonthlyCharges, Contract_Month-to-month, InternetService_DSL",Review plan pricing; offer a cheaper bundle,1
5186-EJEGL,0.2021,Medium,"tenure, n_services, Contract_Month-to-month","n_services, Contract_Month-to-month, Contract_Two year",Offer discount for a 1-year contract,0
2668-TZSPS,0.202,Medium,"tenure, charges_per_month, MonthlyCharges","MonthlyCharges, Contract_Month-to-month, InternetService_DSL",Review plan pricing; offer a cheaper bundle,0
1051-GEJLJ,0.2019,Medium,"tenure, charges_per_month, MonthlyCharges","MonthlyCharges, Contract_Month-to-month, InternetService_DSL",Review plan pricing; offer a cheaper bundle,0
3976-NLDEZ,0.2017,Medium,"tenure, charges_per_month, MonthlyCharges","MonthlyCharges, Contract_Month-to-month, InternetService_DSL",Review plan pricing; offer a cheaper bundle,0
5198-EFNBM,0.2015,Medium,"TotalCharges, InternetService_Fiber optic, InternetService_DSL","InternetService_Fiber optic, InternetService_DSL, Contract_Two year",Check fiber quality & price; offer a plan review,0
3780-DDGSE,0.2015,Medium,"n_services, Contract_Month-to-month, Contract_Two year","n_services, Contract_Month-to-month, Contract_Two year",Offer discount for a 1-year contract,0
4013-GUXND,0.2012,Medium,"tenure, charges_per_month, MonthlyCharges","MonthlyCharges, Contract_Month-to-month, InternetService_DSL",Review plan pricing; offer a cheaper bundle,0
3858-XHYJO,0.2011,Medium,"n_services, InternetService_Fiber optic, TotalCharges","n_services, InternetService_Fiber optic, InternetService_DSL",Check fiber quality & price; offer a plan review,0
1194-SPVSP,0.2001,Medium,"tenure, charges_per_month, MonthlyCharges","MonthlyCharges, Contract_Month-to-month, InternetService_DSL",Review plan pricing; offer a cheaper bundle,0
3694-GLTJM,0.1991,Medium,"tenure, charges_per_month, MonthlyCharges","MonthlyCharges, Contract_Month-to-month, InternetService_DSL",Review plan pricing; offer a cheaper bundle,0
2087-QAREY,0.199,Medium,"tenure, Contract_Month-to-month, Contract_Two year","Contract_Month-to-month, Contract_Two year, PaperlessBilling_No",Offer discount for a 1-year contract,0
7130-CTCUS,0.1975,Medium,"tenure, Contract_Month-to-month, Contract_Two year","Contract_Month-to-month, Contract_Two year, PaperlessBilling_No",Offer discount for a 1-year contract,0
3604-WLABM,0.197,Medium,"tenure, Contract_Month-to-month, Contract_Two year","Contract_Month-to-month, Contract_Two year, MonthlyCharges",Offer discount for a 1-year contract,0
6777-TGHTM,0.1966,Medium,"TotalCharges, n_services, InternetService_Fiber optic","n_services, InternetService_Fiber optic, InternetService_DSL",Check fiber quality & price; offer a plan review,1
7957-RYHQD,0.1965,Medium,"InternetService_Fiber optic, Contract_Month-to-month, InternetService_DSL","InternetService_Fiber optic, Contract_Month-to-month, InternetService_DSL",Check fiber quality & price; offer a plan review,1
2750-BJLSB,0.1962,Medium,"TotalCharges, n_services, InternetService_Fiber optic","n_services, InternetService_Fiber optic, InternetService_DSL",Check fiber quality & price; offer a plan review,0
0365-TRTPY,0.1961,Medium,"InternetService_Fiber optic, n_services, Contract_Month-to-month","InternetService_Fiber optic, n_services, Contract_Month-to-month",Check fiber quality & price; offer a plan review,0
4541-RMRLG,0.1959,Medium,"tenure, charges_per_month, MonthlyCharges","MonthlyCharges, Contract_Month-to-month, InternetService_DSL",Review plan pricing; offer a cheaper bundle,1
4256-ZWTZI,0.1959,Medium,"tenure, Contract_Month-to-month, charges_per_month","Contract_Month-to-month, Contract_Two year, MonthlyCharges",Offer discount for a 1-year contract,0
2091-MJTFX,0.1959,Medium,"Contract_Month-to-month, Contract_Two year, PhoneService_Yes","Contract_Month-to-month, Contract_Two year, PhoneService_Yes",Offer discount for a 1-year contract,1
7395-XWZOY,0.1949,Medium,"tenure, n_services, Contract_Month-to-month","n_services, Contract_Month-to-month, Contract_Two year",Offer discount for a 1-year contract,0
7054-ENNGU,0.1947,Medium,"tenure, Contract_Month-to-month, charges_per_month","Contract_Month-to-month, Contract_Two year, MonthlyCharges",Offer discount for a 1-year contract,0
8433-WPJTV,0.1936,Medium,"TotalCharges, n_services, InternetService_Fiber optic","n_services, InternetService_Fiber optic, InternetService_DSL",Check fiber quality & price; offer a plan review,0
2252-JHJGE,0.1933,Medium,"TotalCharges, n_services, InternetService_Fiber optic","n_services, InternetService_Fiber optic, InternetService_DSL",Check fiber quality & price; offer a plan review,0
3090-QFUVD,0.1931,Medium,"tenure, charges_per_month, MonthlyCharges","MonthlyCharges, Contract_Month-to-month, InternetService_DSL",Review plan pricing; offer a cheaper bundle,0
9254-RBFON,0.1929,Medium,"tenure, InternetService_Fiber optic, n_services","InternetService_Fiber optic, n_services, InternetService_DSL",Check fiber quality & price; offer a plan review,1
2700-LUEVA,0.1921,Medium,"tenure, charges_per_month, MonthlyCharges","MonthlyCharges, Contract_Month-to-month, InternetService_DSL",Review plan pricing; offer a cheaper bundle,0
2995-UPRYS,0.1921,Medium,"InternetService_Fiber optic, TotalCharges, n_services","InternetService_Fiber optic, n_services, InternetService_DSL",Check fiber quality & price; offer a plan review,1
1386-ZIKUV,0.1915,Medium,"tenure, charges_per_month, MonthlyCharges","MonthlyCharges, Contract_Month-to-month, InternetService_DSL",Review plan pricing; offer a cheaper bundle,0
3313-QKNKB,0.1906,Medium,"TotalCharges, InternetService_Fiber optic, InternetService_DSL","InternetService_Fiber optic, InternetService_DSL, Contract_Two year",Check fiber quality & price; offer a plan review,1
4237-CLSMM,0.1903,Medium,"tenure, charges_per_month, MonthlyCharges","MonthlyCharges, Contract_Month-to-month, InternetService_DSL",Review plan pricing; offer a cheaper bundle,0
4160-AMJTL,0.19,Low,"tenure, charges_per_month, MonthlyCharges","MonthlyCharges, Contract_Month-to-month, InternetService_DSL",Review plan pricing; offer a cheaper bundle,1
9033-EOXWV,0.1893,Low,"tenure, n_services, Contract_Two year","n_services, Contract_Two year, MultipleLines_No",Standard retention call,1
5469-CTCWN,0.1891,Low,"TotalCharges, n_services, InternetService_Fiber optic","n_services, InternetService_Fiber optic, InternetService_DSL",Check fiber quality & price; offer a plan review,1
8409-WQJUX,0.1881,Low,"tenure, Contract_Two year, PhoneService_Yes","Contract_Two year, PhoneService_Yes, n_services",Standard retention call,0
6898-MDLZW,0.1875,Low,"tenure, Contract_Month-to-month, Contract_Two year","Contract_Month-to-month, Contract_Two year, PaperlessBilling_No",Offer discount for a 1-year contract,0
6258-NGCNG,0.1869,Low,"tenure, charges_per_month, MonthlyCharges","MonthlyCharges, Contract_Month-to-month, InternetService_DSL",Review plan pricing; offer a cheaper bundle,0
8166-ORCHU,0.1865,Low,"InternetService_Fiber optic, n_services, InternetService_DSL","InternetService_Fiber optic, n_services, InternetService_DSL",Check fiber quality & price; offer a plan review,0
6483-OATDN,0.1857,Low,"tenure, Contract_Month-to-month, charges_per_month","Contract_Month-to-month, Contract_Two year, MonthlyCharges",Offer discount for a 1-year contract,0
2659-VXMWZ,0.1856,Low,"TotalCharges, n_services, InternetService_Fiber optic","n_services, InternetService_Fiber optic, InternetService_DSL",Check fiber quality & price; offer a plan review,1
9972-VAFJJ,0.1852,Low,"TotalCharges, InternetService_Fiber optic, n_services","InternetService_Fiber optic, n_services, InternetService_DSL",Check fiber quality & price; offer a plan review,0
2155-AMQRX,0.1841,Low,"Contract_Month-to-month, Contract_Two year, tenure","Contract_Month-to-month, Contract_Two year, PaperlessBilling_No",Offer discount for a 1-year contract,0
4184-VODJZ,0.1833,Low,"TotalCharges, InternetService_Fiber optic, InternetService_DSL","InternetService_Fiber optic, InternetService_DSL, Contract_Two year",Check fiber quality & price; offer a plan review,0
3794-NFNCH,0.1828,Low,"Contract_Month-to-month, charges_per_month, Contract_Two year","Contract_Month-to-month, Contract_Two year, MonthlyCharges",Offer discount for a 1-year contract,0
1385-TQOZW,0.1816,Low,"charges_per_month, tenure, MonthlyCharges","MonthlyCharges, Contract_Month-to-month, InternetService_DSL",Review plan pricing; offer a cheaper bundle,0
3413-CSSTH,0.1815,Low,"Contract_Month-to-month, Contract_Two year, PaperlessBilling_No","Contract_Month-to-month, Contract_Two year, PaperlessBilling_No",Offer discount for a 1-year contract,0
8495-PRWFH,0.1815,Low,"Contract_Month-to-month, Contract_Two year, MultipleLines_No","Contract_Month-to-month, Contract_Two year, MultipleLines_No",Offer discount for a 1-year contract,0
1707-HABPF,0.1814,Low,"InternetService_Fiber optic, TotalCharges, InternetService_DSL","InternetService_Fiber optic, InternetService_DSL, Contract_Two year",Check fiber quality & price; offer a plan review,0
2839-RFSQE,0.1813,Low,"tenure, charges_per_month, MonthlyCharges","MonthlyCharges, Contract_Month-to-month, InternetService_DSL",Review plan pricing; offer a cheaper bundle,1
5140-FOMCQ,0.1811,Low,"TotalCharges, n_services, InternetService_Fiber optic","n_services, InternetService_Fiber optic, InternetService_DSL",Check fiber quality & price; offer a plan review,0
9788-YTFGE,0.1806,Low,"tenure, charges_per_month, MonthlyCharges","MonthlyCharges, Contract_Month-to-month, InternetService_DSL",Review plan pricing; offer a cheaper bundle,0
0516-OOHAR,0.1803,Low,"InternetService_Fiber optic, n_services, InternetService_DSL","InternetService_Fiber optic, n_services, InternetService_DSL",Check fiber quality & price; offer a plan review,0
3865-ZYKAD,0.1794,Low,"TotalCharges, InternetService_Fiber optic, Contract_Month-to-month","InternetService_Fiber optic, Contract_Month-to-month, InternetService_DSL",Check fiber quality & price; offer a plan review,0
2446-ZKVAF,0.1788,Low,"tenure, Contract_Month-to-month, Contract_Two year","Contract_Month-to-month, Contract_Two year, MultipleLines_No",Offer discount for a 1-year contract,0
0733-VUNUW,0.178,Low,"tenure, Contract_Month-to-month, Contract_Two year","Contract_Month-to-month, Contract_Two year, PaperlessBilling_No",Offer discount for a 1-year contract,1
9962-BFPDU,0.1775,Low,"tenure, charges_per_month, MonthlyCharges","MonthlyCharges, Contract_Month-to-month, InternetService_DSL",Review plan pricing; offer a cheaper bundle,0
7017-VFULY,0.1773,Low,"tenure, charges_per_month, MonthlyCharges","MonthlyCharges, Contract_Month-to-month, InternetService_DSL",Review plan pricing; offer a cheaper bundle,0
1360-XFJMR,0.1762,Low,"TotalCharges, n_services, InternetService_Fiber optic","n_services, InternetService_Fiber optic, InternetService_DSL",Check fiber quality & price; offer a plan review,0
8970-ANWXO,0.1761,Low,"tenure, n_services, Contract_Two year","n_services, Contract_Two year, PaperlessBilling_No",Standard retention call,0
4402-FTBXC,0.1748,Low,"TotalCharges, InternetService_Fiber optic, Contract_Month-to-month","InternetService_Fiber optic, Contract_Month-to-month, InternetService_DSL",Check fiber quality & price; offer a plan review,0
0048-LUMLS,0.1745,Low,"InternetService_Fiber optic, InternetService_DSL, Contract_Two year","InternetService_Fiber optic, InternetService_DSL, Contract_Two year",Check fiber quality & price; offer a plan review,0
1784-BXEFA,0.1735,Low,"charges_per_month, tenure, MonthlyCharges","MonthlyCharges, Contract_Month-to-month, InternetService_DSL",Review plan pricing; offer a cheaper bundle,0
9139-WQQDY,0.1733,Low,"TotalCharges, InternetService_Fiber optic, n_services","InternetService_Fiber optic, n_services, InternetService_DSL",Check fiber quality & price; offer a plan review,1
0816-TSPHQ,0.1715,Low,"tenure, charges_per_month, MonthlyCharges","MonthlyCharges, Contract_Month-to-month, InternetService_DSL",Review plan pricing; offer a cheaper bundle,0
0447-BEMNG,0.1714,Low,"charges_per_month, Contract_Month-to-month, MonthlyCharges","Contract_Month-to-month, MonthlyCharges, Contract_Two year",Offer discount for a 1-year contract,1
0440-QEXBZ,0.1713,Low,"Contract_Month-to-month, charges_per_month, Contract_Two year","Contract_Month-to-month, Contract_Two year, MonthlyCharges",Offer discount for a 1-year contract,0
7266-GSSJX,0.1708,Low,"tenure, charges_per_month, MonthlyCharges","MonthlyCharges, Contract_Month-to-month, InternetService_DSL",Review plan pricing; offer a cheaper bundle,0
9138-EFSMO,0.1701,Low,"InternetService_Fiber optic, InternetService_DSL, tenure","InternetService_Fiber optic, InternetService_DSL, Contract_Two year",Check fiber quality & price; offer a plan review,0
9025-ZRPVR,0.1696,Low,"tenure, charges_per_month, MonthlyCharges","MonthlyCharges, Contract_Month-to-month, InternetService_DSL",Review plan pricing; offer a cheaper bundle,1
2748-MYRVK,0.1692,Low,"TotalCharges, InternetService_Fiber optic, n_services","InternetService_Fiber optic, n_services, InternetService_DSL",Check fiber quality & price; offer a plan review,1
2843-CQMEG,0.169,Low,"tenure, Contract_Month-to-month, Contract_Two year","Contract_Month-to-month, Contract_Two year, MonthlyCharges",Offer discount for a 1-year contract,0
5473-KHBPS,0.168,Low,"TotalCharges, InternetService_Fiber optic, n_services","InternetService_Fiber optic, n_services, InternetService_DSL",Check fiber quality & price; offer a plan review,0
0895-LMRSF,0.1677,Low,"tenure, Contract_Two year, PaperlessBilling_No","Contract_Two year, PaperlessBilling_No, StreamingMovies_Yes",Offer a streaming bundle discount,0
2294-DMMUS,0.1676,Low,"TotalCharges, Contract_Month-to-month, Contract_Two year","Contract_Month-to-month, Contract_Two year, n_services",Offer discount for a 1-year contract,0
0178-CIIKR,0.1674,Low,"tenure, charges_per_month, MonthlyCharges","MonthlyCharges, Contract_Month-to-month, InternetService_DSL",Review plan pricing; offer a cheaper bundle,0
4701-MLJPN,0.167,Low,"Contract_Month-to-month, Contract_Two year, PaperlessBilling_No","Contract_Month-to-month, Contract_Two year, PaperlessBilling_No",Offer discount for a 1-year contract,1
9701-CDXHR,0.1668,Low,"InternetService_Fiber optic, Contract_Month-to-month, TotalCharges","InternetService_Fiber optic, Contract_Month-to-month, InternetService_DSL",Check fiber quality & price; offer a plan review,0
4075-JFPGR,0.1668,Low,"TotalCharges, InternetService_Fiber optic, n_services","InternetService_Fiber optic, n_services, InternetService_DSL",Check fiber quality & price; offer a plan review,0
5966-EMAZU,0.1668,Low,"TotalCharges, n_services, InternetService_Fiber optic","n_services, InternetService_Fiber optic, InternetService_DSL",Check fiber quality & price; offer a plan review,0
5482-NUPNA,0.1655,Low,"tenure, Contract_Month-to-month, Contract_Two year","Contract_Month-to-month, Contract_Two year, n_services",Offer discount for a 1-year contract,1
6421-SZVEM,0.165,Low,"InternetService_Fiber optic, InternetService_DSL, Contract_Two year","InternetService_Fiber optic, InternetService_DSL, Contract_Two year",Check fiber quality & price; offer a plan review,0
1855-CFULU,0.1637,Low,"tenure, charges_per_month, MonthlyCharges","MonthlyCharges, Contract_Month-to-month, InternetService_DSL",Review plan pricing; offer a cheaper bundle,0
4700-UBQMV,0.1626,Low,"tenure, n_services, Contract_Two year","n_services, Contract_Two year, PaperlessBilling_No",Standard retention call,0
9820-RMCQV,0.1622,Low,"tenure, charges_per_month, Contract_Month-to-month","Contract_Month-to-month, Contract_Two year, MonthlyCharges",Offer discount for a 1-year contract,1
8930-XOTDP,0.162,Low,"tenure, Contract_Month-to-month, Contract_Two year","Contract_Month-to-month, Contract_Two year, MonthlyCharges",Offer discount for a 1-year contract,0
5951-AOFIH,0.1614,Low,"Contract_Month-to-month, Contract_Two year, n_services","Contract_Month-to-month, Contract_Two year, n_services",Offer discount for a 1-year contract,0
5240-CAOYT,0.1613,Low,"TotalCharges, InternetService_Fiber optic, n_services","InternetService_Fiber optic, n_services, Contract_Month-to-month",Check fiber quality & price; offer a plan review,0
5533-RJFTJ,0.1609,Low,"charges_per_month, MonthlyCharges, Contract_Month-to-month","MonthlyCharges, Contract_Month-to-month, Contract_Two year",Review plan pricing; offer a cheaper bundle,0
9565-JSNFM,0.1607,Low,"InternetService_Fiber optic, InternetService_DSL, Contract_Two year","InternetService_Fiber optic, InternetService_DSL, Contract_Two year",Check fiber quality & price; offer a plan review,1
7789-CRUVC,0.1607,Low,"TotalCharges, n_services, InternetService_Fiber optic","n_services, InternetService_Fiber optic, Contract_Month-to-month",Check fiber quality & price; offer a plan review,0
6776-TLWOI,0.1591,Low,"tenure, charges_per_month, MonthlyCharges","MonthlyCharges, Contract_Month-to-month, InternetService_DSL",Review plan pricing; offer a cheaper bundle,1
9097-ZUBYC,0.1579,Low,"tenure, charges_per_month, Contract_Month-to-month","Contract_Month-to-month, Contract_Two year, MonthlyCharges",Offer discount for a 1-year contract,0
0870-VEMYL,0.1568,Low,"tenure, charges_per_month, Contract_Month-to-month","Contract_Month-to-month, Contract_Two year, MonthlyCharges",Offer discount for a 1-year contract,1
4946-EDSEW,0.155,Low,"charges_per_month, tenure, MonthlyCharges","MonthlyCharges, Contract_Month-to-month, InternetService_DSL",Review plan pricing; offer a cheaper bundle,1
6497-TILVL,0.1549,Low,"tenure, charges_per_month, Contract_Month-to-month","Contract_Month-to-month, Contract_Two year, MonthlyCharges",Offer discount for a 1-year contract,0
4377-VDHYI,0.1539,Low,"InternetService_Fiber optic, InternetService_DSL, Contract_Two year","InternetService_Fiber optic, InternetService_DSL, Contract_Two year",Check fiber quality & price; offer a plan review,0
5440-VHLUL,0.1537,Low,"TotalCharges, n_services, InternetService_Fiber optic","n_services, InternetService_Fiber optic, InternetService_DSL",Check fiber quality & price; offer a plan review,0
5155-AZQPB,0.1537,Low,"Contract_Month-to-month, Contract_Two year, charges_per_month","Contract_Month-to-month, Contract_Two year, MonthlyCharges",Offer discount for a 1-year contract,0
6383-ZTSIW,0.1514,Low,"InternetService_Fiber optic, TotalCharges, n_services","InternetService_Fiber optic, n_services, InternetService_DSL",Check fiber quality & price; offer a plan review,0
2758-RNWXS,0.1511,Low,"InternetService_Fiber optic, InternetService_DSL, Contract_Two year","InternetService_Fiber optic, InternetService_DSL, Contract_Two year",Check fiber quality & price; offer a plan review,0
7356-AYNJP,0.1511,Low,"tenure, charges_per_month, MonthlyCharges","MonthlyCharges, InternetService_DSL, Contract_Two year",Review plan pricing; offer a cheaper bundle,0
8671-KKKOS,0.1508,Low,"charges_per_month, Contract_Month-to-month, MonthlyCharges","Contract_Month-to-month, MonthlyCharges, Contract_Two year",Offer discount for a 1-year contract,0
3675-EQOZA,0.1501,Low,"tenure, charges_per_month, MonthlyCharges","MonthlyCharges, Contract_Month-to-month, InternetService_DSL",Review plan pricing; offer a cheaper bundle,0
7919-ZODZZ,0.1498,Low,"tenure, Contract_Two year, n_services","Contract_Two year, n_services, PaperlessBilling_No",Standard retention call,0
6198-PNNSZ,0.1489,Low,"TotalCharges, n_services, InternetService_Fiber optic","n_services, InternetService_Fiber optic, InternetService_DSL",Check fiber quality & price; offer a plan review,0
3847-BAERP,0.1479,Low,"tenure, charges_per_month, MonthlyCharges","MonthlyCharges, Contract_Month-to-month, InternetService_DSL",Review plan pricing; offer a cheaper bundle,0
3948-FVVRP,0.1477,Low,"tenure, Contract_Month-to-month, charges_per_month","Contract_Month-to-month, Contract_Two year, MonthlyCharges",Offer discount for a 1-year contract,0
9986-BONCE,0.1476,Low,"tenure, charges_per_month, MonthlyCharges","MonthlyCharges, Contract_Month-to-month, InternetService_DSL",Review plan pricing; offer a cheaper bundle,1
9909-DFRJA,0.1469,Low,"InternetService_Fiber optic, n_services, InternetService_DSL","InternetService_Fiber optic, n_services, InternetService_DSL",Check fiber quality & price; offer a plan review,0
0484-FFVBJ,0.1465,Low,"Contract_Two year, PaperlessBilling_No, StreamingMovies_Yes","Contract_Two year, PaperlessBilling_No, StreamingMovies_Yes",Offer a streaming bundle discount,0
4190-MFLUW,0.1461,Low,"tenure, Contract_Month-to-month, charges_per_month","Contract_Month-to-month, Contract_Two year, MonthlyCharges",Offer discount for a 1-year contract,1
6112-KTHFQ,0.1455,Low,"charges_per_month, tenure, MonthlyCharges","MonthlyCharges, Contract_Month-to-month, InternetService_DSL",Review plan pricing; offer a cheaper bundle,0
3896-RCYYE,0.1453,Low,"Contract_Month-to-month, TotalCharges, Contract_Two year","Contract_Month-to-month, Contract_Two year, PhoneService_Yes",Offer discount for a 1-year contract,0
4016-BJKTZ,0.1442,Low,"n_services, InternetService_Fiber optic, tenure","n_services, InternetService_Fiber optic, InternetService_DSL",Check fiber quality & price; offer a plan review,0
4830-FAXFM,0.1441,Low,"charges_per_month, MonthlyCharges, tenure","MonthlyCharges, Contract_Month-to-month, InternetService_DSL",Review plan pricing; offer a cheaper bundle,0
2159-TURXX,0.1439,Low,"tenure, charges_per_month, MonthlyCharges","MonthlyCharges, Contract_Month-to-month, InternetService_DSL",Review plan pricing; offer a cheaper bundle,0
2212-LYASK,0.1436,Low,"charges_per_month, MonthlyCharges, Contract_Two year","MonthlyCharges, Contract_Two year, PhoneService_Yes",Review plan pricing; offer a cheaper bundle,0
2308-STERM,0.1432,Low,"tenure, charges_per_month, MonthlyCharges","MonthlyCharges, Contract_Month-to-month, InternetService_DSL",Review plan pricing; offer a cheaper bundle,0
6583-SZVGP,0.1425,Low,"TotalCharges, n_services, InternetService_Fiber optic","n_services, InternetService_Fiber optic, InternetService_DSL",Check fiber quality & price; offer a plan review,0
5014-WUQMG,0.1414,Low,"TotalCharges, InternetService_Fiber optic, n_services","InternetService_Fiber optic, n_services, InternetService_DSL",Check fiber quality & price; offer a plan review,0
3523-QRQLL,0.1404,Low,"tenure, Contract_Two year, n_services","Contract_Two year, n_services, PaperlessBilling_No",Standard retention call,1
9364-YKUVW,0.1401,Low,"charges_per_month, tenure, MonthlyCharges","MonthlyCharges, Contract_Month-to-month, InternetService_DSL",Review plan pricing; offer a cheaper bundle,0
8849-GYOKR,0.1399,Low,"TotalCharges, n_services, InternetService_Fiber optic","n_services, InternetService_Fiber optic, InternetService_DSL",Check fiber quality & price; offer a plan review,1
5850-BDWCY,0.1392,Low,"tenure, charges_per_month, MonthlyCharges","MonthlyCharges, Contract_Month-to-month, InternetService_DSL",Review plan pricing; offer a cheaper bundle,0
1346-PJWTK,0.1391,Low,"TotalCharges, InternetService_Fiber optic, n_services","InternetService_Fiber optic, n_services, Contract_Month-to-month",Check fiber quality & price; offer a plan review,0
9633-DENPU,0.139,Low,"Contract_Month-to-month, Contract_Two year, PaperlessBilling_No","Contract_Month-to-month, Contract_Two year, PaperlessBilling_No",Offer discount for a 1-year contract,0
5921-NGYRH,0.1388,Low,"TotalCharges, InternetService_Fiber optic, Contract_Month-to-month","InternetService_Fiber optic, Contract_Month-to-month, InternetService_DSL",Check fiber quality & price; offer a plan review,0
3011-WQKSZ,0.1378,Low,"charges_per_month, MonthlyCharges, tenure","MonthlyCharges, Contract_Month-to-month, InternetService_DSL",Review plan pricing; offer a cheaper bundle,0
9107-UKCKY,0.1378,Low,"TotalCharges, n_services, Contract_Two year","n_services, Contract_Two year, PaperlessBilling_No",Standard retention call,0
7764-BDPEE,0.1367,Low,"tenure, charges_per_month, MonthlyCharges","MonthlyCharges, Contract_Month-to-month, InternetService_DSL",Review plan pricing; offer a cheaper bundle,0
9039-RBEEE,0.1366,Low,"Contract_Month-to-month, charges_per_month, Contract_Two year","Contract_Month-to-month, Contract_Two year, MonthlyCharges",Offer discount for a 1-year contract,1
1852-XEMDW,0.136,Low,"tenure, n_services, Contract_Month-to-month","n_services, Contract_Month-to-month, Contract_Two year",Offer discount for a 1-year contract,0
2972-YDYUW,0.1345,Low,"TotalCharges, InternetService_Fiber optic, n_services","InternetService_Fiber optic, n_services, InternetService_DSL",Check fiber quality & price; offer a plan review,0
5863-OOKCL,0.1343,Low,"charges_per_month, tenure, MonthlyCharges","MonthlyCharges, Contract_Month-to-month, InternetService_DSL",Review plan pricing; offer a cheaper bundle,0
4489-SNOJF,0.1328,Low,"n_services, Contract_Month-to-month, Contract_Two year","n_services, Contract_Month-to-month, Contract_Two year",Offer discount for a 1-year contract,1
1629-DQQVB,0.1325,Low,"tenure, Contract_Month-to-month, charges_per_month","Contract_Month-to-month, Contract_Two year, MonthlyCharges",Offer discount for a 1-year contract,0
7879-CGSFV,0.1323,Low,"TotalCharges, InternetService_Fiber optic, n_services","InternetService_Fiber optic, n_services, InternetService_DSL",Check fiber quality & price; offer a plan review,0
3680-CTHUH,0.1322,Low,"TotalCharges, n_services, InternetService_Fiber optic","n_services, InternetService_Fiber optic, InternetService_DSL",Check fiber quality & price; offer a plan review,0
6733-LRIZX,0.1311,Low,"n_services, InternetService_Fiber optic, TotalCharges","n_services, InternetService_Fiber optic, InternetService_DSL",Check fiber quality & price; offer a plan review,0
0665-XHDJU,0.1303,Low,"TotalCharges, InternetService_Fiber optic, n_services","InternetService_Fiber optic, n_services, InternetService_DSL",Check fiber quality & price; offer a plan review,0
2019-HDCZY,0.1301,Low,"TotalCharges, InternetService_Fiber optic, n_services","InternetService_Fiber optic, n_services, InternetService_DSL",Check fiber quality & price; offer a plan review,0
9480-BQJEI,0.1298,Low,"TotalCharges, InternetService_Fiber optic, n_services","InternetService_Fiber optic, n_services, InternetService_DSL",Check fiber quality & price; offer a plan review,0
4332-MUOEZ,0.1289,Low,"tenure, InternetService_Fiber optic, n_services","InternetService_Fiber optic, n_services, InternetService_DSL",Check fiber quality & price; offer a plan review,0
8053-WWDRO,0.1287,Low,"tenure, charges_per_month, MonthlyCharges","MonthlyCharges, Contract_Month-to-month, InternetService_DSL",Review plan pricing; offer a cheaper bundle,1
3893-JRNFS,0.1285,Low,"charges_per_month, MonthlyCharges, Contract_Month-to-month","MonthlyCharges, Contract_Month-to-month, Contract_Two year",Review plan pricing; offer a cheaper bundle,0
2040-OBMLJ,0.1283,Low,"InternetService_Fiber optic, InternetService_DSL, Contract_Two year","InternetService_Fiber optic, InternetService_DSL, Contract_Two year",Check fiber quality & price; offer a plan review,0
4785-QRJHC,0.1279,Low,"n_services, Contract_Two year, PhoneService_Yes","n_services, Contract_Two year, PhoneService_Yes",Standard retention call,1
2969-WGHQO,0.1269,Low,"tenure, n_services, Contract_Two year","n_services, Contract_Two year, PaymentMethod_Electronic check",Nudge to auto-pay with a small credit,0
9378-FXTIZ,0.1267,Low,"TotalCharges, Contract_Two year, n_services","Contract_Two year, n_services, PaperlessBilling_No",Standard retention call,1
3639-XJHKQ,0.1266,Low,"tenure, Contract_Month-to-month, Contract_Two year","Contract_Month-to-month, Contract_Two year, n_services",Offer discount for a 1-year contract,0
3077-RSNTJ,0.126,Low,"tenure, charges_per_month, MonthlyCharges","MonthlyCharges, Contract_Month-to-month, InternetService_DSL",Review plan pricing; offer a cheaper bundle,0
9115-YQHGA,0.1256,Low,"Contract_Month-to-month, Contract_Two year, MonthlyCharges","Contract_Month-to-month, Contract_Two year, MonthlyCharges",Offer discount for a 1-year contract,0
5025-GOOKI,0.1243,Low,"charges_per_month, MonthlyCharges, tenure","MonthlyCharges, Contract_Month-to-month, InternetService_DSL",Review plan pricing; offer a cheaper bundle,0
4079-VTGLK,0.1243,Low,"n_services, MultipleLines_No, SeniorCitizen","n_services, MultipleLines_No, PaymentMethod_Electronic check",Nudge to auto-pay with a small credit,0
0743-HRVFF,0.1238,Low,"Contract_Two year, PhoneService_Yes, n_services","Contract_Two year, PhoneService_Yes, n_services",Standard retention call,0
8457-XIGKN,0.1232,Low,"charges_per_month, MonthlyCharges, tenure","MonthlyCharges, Contract_Month-to-month, InternetService_DSL",Review plan pricing; offer a cheaper bundle,0
6164-HXUGH,0.1228,Low,"tenure, charges_per_month, MonthlyCharges","MonthlyCharges, Contract_Month-to-month, InternetService_DSL",Review plan pricing; offer a cheaper bundle,0
0076-LVEPS,0.1225,Low,"charges_per_month, Contract_Month-to-month, MonthlyCharges","Contract_Month-to-month, MonthlyCharges, Contract_Two year",Offer discount for a 1-year contract,0
0516-UXRMT,0.121,Low,"TotalCharges, InternetService_Fiber optic, n_services","InternetService_Fiber optic, n_services, InternetService_DSL",Check fiber quality & price; offer a plan review,0
9357-UJRUN,0.1206,Low,"tenure, Contract_Two year, n_services","Contract_Two year, n_services, PaperlessBilling_No",Standard retention call,0
0373-AIVNJ,0.1202,Low,"tenure, charges_per_month, MonthlyCharges","MonthlyCharges, Contract_Two year, PhoneService_Yes",Review plan pricing; offer a cheaper bundle,0
9040-KZVWO,0.1197,Low,"InternetService_Fiber optic, InternetService_DSL, tenure","InternetService_Fiber optic, InternetService_DSL, Contract_Two year",Check fiber quality & price; offer a plan review,0
2001-MCUUW,0.1195,Low,"n_services, TotalCharges, InternetService_Fiber optic","n_services, InternetService_Fiber optic, InternetService_DSL",Check fiber quality & price; offer a plan review,0
3571-DPYUH,0.1193,Low,"TotalCharges, InternetService_Fiber optic, n_services","InternetService_Fiber optic, n_services, InternetService_DSL",Check fiber quality & price; offer a plan review,0
8401-EMUWF,0.1193,Low,"n_services, Contract_Month-to-month, Contract_Two year","n_services, Contract_Month-to-month, Contract_Two year",Offer discount for a 1-year contract,0
8034-RYTVV,0.1192,Low,"TotalCharges, InternetService_Fiber optic, InternetService_DSL","InternetService_Fiber optic, InternetService_DSL, Contract_Two year",Check fiber quality & price; offer a plan review,0
3623-FQBOX,0.119,Low,"charges_per_month, MonthlyCharges, tenure","MonthlyCharges, Contract_Month-to-month, InternetService_DSL",Review plan pricing; offer a cheaper bundle,0
7803-XOCCZ,0.1188,Low,"TotalCharges, InternetService_Fiber optic, Contract_Month-to-month","InternetService_Fiber optic, Contract_Month-to-month, InternetService_DSL",Check fiber quality & price; offer a plan review,0
4002-BQWPQ,0.1185,Low,"n_services, Contract_Month-to-month, tenure","n_services, Contract_Month-to-month, Contract_Two year",Offer discount for a 1-year contract,0
9367-TCUYN,0.1182,Low,"charges_per_month, tenure, MonthlyCharges","MonthlyCharges, Contract_Month-to-month, InternetService_DSL",Review plan pricing; offer a cheaper bundle,0
1744-JHKYS,0.1182,Low,"charges_per_month, MonthlyCharges, Contract_Month-to-month","MonthlyCharges, Contract_Month-to-month, InternetService_DSL",Review plan pricing; offer a cheaper bundle,0
9013-AQORL,0.1175,Low,"charges_per_month, Contract_Month-to-month, MonthlyCharges","Contract_Month-to-month, MonthlyCharges, Contract_Two year",Offer discount for a 1-year contract,0
3181-MIZBN,0.1153,Low,"charges_per_month, tenure, MonthlyCharges","MonthlyCharges, Contract_Month-to-month, InternetService_DSL",Review plan pricing; offer a cheaper bundle,0
1492-QGCLU,0.1152,Low,"n_services, TotalCharges, Contract_Month-to-month","n_services, Contract_Month-to-month, Contract_Two year",Offer discount for a 1-year contract,0
3096-WPXBT,0.1145,Low,"TotalCharges, n_services, InternetService_Fiber optic","n_services, InternetService_Fiber optic, InternetService_DSL",Check fiber quality & price; offer a plan review,0
2001-EWBQU,0.1145,Low,"TotalCharges, n_services, InternetService_Fiber optic","n_services, InternetService_Fiber optic, InternetService_DSL",Check fiber quality & price; offer a plan review,0
6968-MHOMU,0.1132,Low,"charges_per_month, MonthlyCharges, Contract_Two year","MonthlyCharges, Contract_Two year, PhoneService_Yes",Review plan pricing; offer a cheaper bundle,0
6297-NOOPG,0.1132,Low,"TotalCharges, n_services, InternetService_Fiber optic","n_services, InternetService_Fiber optic, InternetService_DSL",Check fiber quality & price; offer a plan review,0
6900-RBKER,0.1131,Low,"TotalCharges, InternetService_Fiber optic, InternetService_DSL","InternetService_Fiber optic, InternetService_DSL, n_services",Check fiber quality & price; offer a plan review,0
0257-KXZGU,0.113,Low,"Contract_Month-to-month, Contract_Two year, n_services","Contract_Month-to-month, Contract_Two year, n_services",Offer discount for a 1-year contract,0
2428-ZMCTB,0.1128,Low,"tenure, charges_per_month, MonthlyCharges","MonthlyCharges, Contract_Month-to-month, InternetService_DSL",Review plan pricing; offer a cheaper bundle,0
3733-UOCWF,0.1122,Low,"TotalCharges, InternetService_Fiber optic, InternetService_DSL","InternetService_Fiber optic, InternetService_DSL, Contract_Two year",Check fiber quality & price; offer a plan review,0
6838-HVLXG,0.112,Low,"charges_per_month, tenure, MonthlyCharges","MonthlyCharges, Contract_Month-to-month, InternetService_DSL",Review plan pricing; offer a cheaper bundle,0
2272-WUSPA,0.1117,Low,"TotalCharges, n_services, InternetService_Fiber optic","n_services, InternetService_Fiber optic, InternetService_DSL",Check fiber quality & price; offer a plan review,0
2307-FYNNL,0.1112,Low,"TotalCharges, n_services, InternetService_Fiber optic","n_services, InternetService_Fiber optic, InternetService_DSL",Check fiber quality & price; offer a plan review,0
2233-TXSIU,0.1103,Low,"tenure, charges_per_month, MonthlyCharges","MonthlyCharges, Contract_Two year, PhoneService_Yes",Review plan pricing; offer a cheaper bundle,0
1530-ZTDOZ,0.1098,Low,"charges_per_month, MonthlyCharges, Contract_Month-to-month","MonthlyCharges, Contract_Month-to-month, Contract_Two year",Review plan pricing; offer a cheaper bundle,0
4759-PXTAN,0.1095,Low,"n_services, TotalCharges, Contract_Two year","n_services, Contract_Two year, PaperlessBilling_No",Standard retention call,0
7159-NOKYQ,0.1092,Low,"TotalCharges, InternetService_Fiber optic, n_services","InternetService_Fiber optic, n_services, InternetService_DSL",Check fiber quality & price; offer a plan review,0
7572-KPVKK,0.1081,Low,"TotalCharges, n_services, InternetService_Fiber optic","n_services, InternetService_Fiber optic, InternetService_DSL",Check fiber quality & price; offer a plan review,0
9256-JTBNZ,0.1076,Low,"tenure, charges_per_month, MonthlyCharges","MonthlyCharges, Contract_Month-to-month, InternetService_DSL",Review plan pricing; offer a cheaper bundle,0
7997-EASSD,0.1074,Low,"TotalCharges, InternetService_Fiber optic, InternetService_DSL","InternetService_Fiber optic, InternetService_DSL, Contract_Two year",Check fiber quality & price; offer a plan review,0
6242-SGYTS,0.107,Low,"TotalCharges, InternetService_Fiber optic, n_services","InternetService_Fiber optic, n_services, InternetService_DSL",Check fiber quality & price; offer a plan review,0
3729-OWRVL,0.1069,Low,"TotalCharges, n_services, InternetService_Fiber optic","n_services, InternetService_Fiber optic, InternetService_DSL",Check fiber quality & price; offer a plan review,0
1131-SUEKT,0.1063,Low,"TotalCharges, InternetService_Fiber optic, n_services","InternetService_Fiber optic, n_services, InternetService_DSL",Check fiber quality & price; offer a plan review,0
0440-UEDAI,0.1061,Low,"TotalCharges, InternetService_Fiber optic, n_services","InternetService_Fiber optic, n_services, InternetService_DSL",Check fiber quality & price; offer a plan review,0
6784-XYJAE,0.106,Low,"Contract_Two year, charges_per_month, MultipleLines_No","Contract_Two year, MultipleLines_No, MonthlyCharges",Review plan pricing; offer a cheaper bundle,0
5446-DKWYW,0.1057,Low,"TotalCharges, Contract_Two year, n_services","Contract_Two year, n_services, PaperlessBilling_No",Standard retention call,0
2958-NHPPS,0.1046,Low,"charges_per_month, MonthlyCharges, tenure","MonthlyCharges, Contract_Month-to-month, InternetService_DSL",Review plan pricing; offer a cheaper bundle,0
5360-LJCNJ,0.1033,Low,"TotalCharges, n_services, InternetService_Fiber optic","n_services, InternetService_Fiber optic, InternetService_DSL",Check fiber quality & price; offer a plan review,0
2129-ALKBS,0.1031,Low,"charges_per_month, MonthlyCharges, Contract_Month-to-month","MonthlyCharges, Contract_Month-to-month, InternetService_DSL",Review plan pricing; offer a cheaper bundle,0
8735-NBLWT,0.1027,Low,"tenure, charges_per_month, MonthlyCharges","MonthlyCharges, Contract_Month-to-month, InternetService_DSL",Review plan pricing; offer a cheaper bundle,0
1395-OFUWC,0.1023,Low,"charges_per_month, MonthlyCharges, Contract_Month-to-month","MonthlyCharges, Contract_Month-to-month, Contract_Two year",Review plan pricing; offer a cheaper bundle,0
0289-IVARM,0.102,Low,"Contract_Month-to-month, Contract_Two year, n_services","Contract_Month-to-month, Contract_Two year, n_services",Offer discount for a 1-year contract,0
0997-YTLNY,0.1017,Low,"tenure, Contract_Month-to-month, charges_per_month","Contract_Month-to-month, Contract_Two year, MonthlyCharges",Offer discount for a 1-year contract,0
4353-HYOJD,0.1016,Low,"Contract_Month-to-month, charges_per_month, Contract_Two year","Contract_Month-to-month, Contract_Two year, MonthlyCharges",Offer discount for a 1-year contract,0
7531-GQHME,0.1015,Low,"charges_per_month, tenure, MonthlyCharges","MonthlyCharges, Contract_Month-to-month, InternetService_DSL",Review plan pricing; offer a cheaper bundle,0
7311-MQJCH,0.101,Low,"tenure, charges_per_month, MonthlyCharges","MonthlyCharges, InternetService_DSL, Contract_Two year",Review plan pricing; offer a cheaper bundle,0
4419-UJMUS,0.1009,Low,"TotalCharges, InternetService_Fiber optic, n_services","InternetService_Fiber optic, n_services, InternetService_DSL",Check fiber quality & price; offer a plan review,0
5566-SOEZD,0.1007,Low,"InternetService_Fiber optic, InternetService_DSL, Contract_Two year","InternetService_Fiber optic, InternetService_DSL, Contract_Two year",Check fiber quality & price; offer a plan review,0
6598-RFFVI,0.1002,Low,"tenure, charges_per_month, MonthlyCharges","MonthlyCharges, InternetService_DSL, Contract_Two year",Review plan pricing; offer a cheaper bundle,1
8582-KRHPJ,0.0997,Low,"charges_per_month, MonthlyCharges, Contract_Month-to-month","MonthlyCharges, Contract_Month-to-month, Contract_Two year",Review plan pricing; offer a cheaper bundle,0
0661-KBKPA,0.0996,Low,"n_services, TotalCharges, Contract_Two year","n_services, Contract_Two year, PaperlessBilling_No",Standard retention call,0
0536-ACXIP,0.0992,Low,"TotalCharges, n_services, InternetService_Fiber optic","n_services, InternetService_Fiber optic, InternetService_DSL",Check fiber quality & price; offer a plan review,0
1218-VKFPE,0.0992,Low,"charges_per_month, tenure, MonthlyCharges","MonthlyCharges, Contract_Month-to-month, InternetService_DSL",Review plan pricing; offer a cheaper bundle,1
0297-RBCSG,0.0989,Low,"tenure, Contract_Two year, n_services","Contract_Two year, n_services, PaperlessBilling_No",Standard retention call,0
3324-OIRTO,0.0979,Low,"TotalCharges, n_services, InternetService_Fiber optic","n_services, InternetService_Fiber optic, InternetService_DSL",Check fiber quality & price; offer a plan review,0
2250-IVBWA,0.0979,Low,"TotalCharges, InternetService_Fiber optic, Contract_Month-to-month","InternetService_Fiber optic, Contract_Month-to-month, InternetService_DSL",Check fiber quality & price; offer a plan review,0
2926-JEJJC,0.0979,Low,"tenure, charges_per_month, MonthlyCharges","MonthlyCharges, InternetService_DSL, Contract_Two year",Review plan pricing; offer a cheaper bundle,0
1264-FUHCX,0.0974,Low,"Contract_Two year, PhoneService_Yes, n_services","Contract_Two year, PhoneService_Yes, n_services",Standard retention call,0
2165-VOEGB,0.0973,Low,"TotalCharges, n_services, InternetService_Fiber optic","n_services, InternetService_Fiber optic, InternetService_DSL",Check fiber quality & price; offer a plan review,1
9715-WZCLW,0.0963,Low,"TotalCharges, InternetService_Fiber optic, n_services","InternetService_Fiber optic, n_services, InternetService_DSL",Check fiber quality & price; offer a plan review,0
8780-RSYYU,0.0955,Low,"charges_per_month, MonthlyCharges, Contract_Month-to-month","MonthlyCharges, Contract_Month-to-month, InternetService_DSL",Review plan pricing; offer a cheaper bundle,0
5808-TOTXO,0.0952,Low,"tenure, charges_per_month, MonthlyCharges","MonthlyCharges, InternetService_DSL, Contract_Two year",Review plan pricing; offer a cheaper bundle,0
2533-QVMSK,0.0946,Low,"TotalCharges, InternetService_Fiber optic, n_services","InternetService_Fiber optic, n_services, InternetService_DSL",Check fiber quality & price; offer a plan review,1
1444-VVSGW,0.0941,Low,"TotalCharges, n_services, InternetService_Fiber optic","n_services, InternetService_Fiber optic, InternetService_DSL",Check fiber quality & price; offer a plan review,1
2967-MXRAV,0.0939,Low,"tenure, charges_per_month, MonthlyCharges","MonthlyCharges, InternetService_DSL, Contract_Two year",Review plan pricing; offer a cheaper bundle,0
9330-VOFSZ,0.0932,Low,"TotalCharges, n_services, InternetService_Fiber optic","n_services, InternetService_Fiber optic, InternetService_DSL",Check fiber quality & price; offer a plan review,0
7036-TYDEC,0.093,Low,"TotalCharges, n_services, InternetService_Fiber optic","n_services, InternetService_Fiber optic, InternetService_DSL",Check fiber quality & price; offer a plan review,0
5537-UXXVS,0.0929,Low,"charges_per_month, MonthlyCharges, tenure","MonthlyCharges, Contract_Month-to-month, InternetService_DSL",Review plan pricing; offer a cheaper bundle,0
4501-UYKBC,0.0924,Low,"n_services, Contract_Two year, TotalCharges","n_services, Contract_Two year, PaperlessBilling_No",Standard retention call,0
2239-CFOUJ,0.092,Low,"tenure, charges_per_month, MonthlyCharges","MonthlyCharges, InternetService_DSL, Contract_Two year",Review plan pricing; offer a cheaper bundle,0
8909-BOLNL,0.0915,Low,"tenure, charges_per_month, MonthlyCharges","MonthlyCharges, InternetService_DSL, Contract_Two year",Review plan pricing; offer a cheaper bundle,0
7691-XVTZH,0.0914,Low,"TotalCharges, InternetService_Fiber optic, InternetService_DSL","InternetService_Fiber optic, InternetService_DSL, n_services",Check fiber quality & price; offer a plan review,0
0377-JBKKT,0.0914,Low,"tenure, Contract_Month-to-month, Contract_Two year","Contract_Month-to-month, Contract_Two year, n_services",Offer discount for a 1-year contract,0
3594-UVONA,0.0914,Low,"n_services, Contract_Two year, TotalCharges","n_services, Contract_Two year, PaperlessBilling_No",Standard retention call,1
2930-UOTMB,0.091,Low,"n_services, Contract_Month-to-month, Contract_Two year","n_services, Contract_Month-to-month, Contract_Two year",Offer discount for a 1-year contract,1
8646-JCOMS,0.091,Low,"TotalCharges, InternetService_Fiber optic, n_services","InternetService_Fiber optic, n_services, InternetService_DSL",Check fiber quality & price; offer a plan review,0
5027-YOCXN,0.0903,Low,"TotalCharges, n_services, InternetService_Fiber optic","n_services, InternetService_Fiber optic, InternetService_DSL",Check fiber quality & price; offer a plan review,0
9402-ROUMJ,0.0901,Low,"TotalCharges, n_services, InternetService_Fiber optic","n_services, InternetService_Fiber optic, InternetService_DSL",Check fiber quality & price; offer a plan review,0
6993-YCOBK,0.09,Low,"TotalCharges, n_services, InternetService_Fiber optic","n_services, InternetService_Fiber optic, InternetService_DSL",Check fiber quality & price; offer a plan review,0
7654-YWJUF,0.0899,Low,"InternetService_Fiber optic, InternetService_DSL, TotalCharges","InternetService_Fiber optic, InternetService_DSL, Contract_Two year",Check fiber quality & price; offer a plan review,0
9143-CANJF,0.0896,Low,"tenure, Contract_Month-to-month, Contract_Two year","Contract_Month-to-month, Contract_Two year, MonthlyCharges",Offer discount for a 1-year contract,0
9128-CPXKI,0.0892,Low,"TotalCharges, InternetService_Fiber optic, InternetService_DSL","InternetService_Fiber optic, InternetService_DSL, n_services",Check fiber quality & price; offer a plan review,0
6568-POCUI,0.089,Low,"TotalCharges, InternetService_Fiber optic, InternetService_DSL","InternetService_Fiber optic, InternetService_DSL, n_services",Check fiber quality & price; offer a plan review,0
9931-KGHOA,0.0887,Low,"Contract_Month-to-month, Contract_Two year, charges_per_month","Contract_Month-to-month, Contract_Two year, MultipleLines_No",Offer discount for a 1-year contract,0
5161-XEUVX,0.0886,Low,"InternetService_Fiber optic, n_services, InternetService_DSL","InternetService_Fiber optic, n_services, InternetService_DSL",Check fiber quality & price; offer a plan review,0
5619-XZZKR,0.0864,Low,"tenure, charges_per_month, MonthlyCharges","MonthlyCharges, InternetService_DSL, Contract_Two year",Review plan pricing; offer a cheaper bundle,0
5236-PERKL,0.0864,Low,"TotalCharges, n_services, InternetService_Fiber optic","n_services, InternetService_Fiber optic, InternetService_DSL",Check fiber quality & price; offer a plan review,1
6766-HFKLA,0.0863,Low,"TotalCharges, n_services, InternetService_Fiber optic","n_services, InternetService_Fiber optic, InternetService_DSL",Check fiber quality & price; offer a plan review,0
5709-LVOEQ,0.0861,Low,"tenure, n_services, StreamingMovies_Yes","n_services, StreamingMovies_Yes, StreamingTV_Yes",Offer a streaming bundle discount,0
5081-NWSUP,0.0861,Low,"tenure, Contract_Two year, n_services","Contract_Two year, n_services, StreamingMovies_Yes",Offer a streaming bundle discount,0
9972-NKTFD,0.0854,Low,"Contract_Month-to-month, Contract_Two year, tenure","Contract_Month-to-month, Contract_Two year, MonthlyCharges",Offer discount for a 1-year contract,0
9586-JGQKH,0.0853,Low,"TotalCharges, n_services, InternetService_Fiber optic","n_services, InternetService_Fiber optic, InternetService_DSL",Check fiber quality & price; offer a plan review,0
6968-URWQU,0.0853,Low,"Contract_Two year, PaperlessBilling_No, MonthlyCharges","Contract_Two year, PaperlessBilling_No, MonthlyCharges",Review plan pricing; offer a cheaper bundle,0
8089-UZWLX,0.0845,Low,"TotalCharges, InternetService_Fiber optic, n_services","InternetService_Fiber optic, n_services, InternetService_DSL",Check fiber quality & price; offer a plan review,0
5445-PZWGX,0.0844,Low,"TotalCharges, n_services, InternetService_Fiber optic","n_services, InternetService_Fiber optic, InternetService_DSL",Check fiber quality & price; offer a plan review,1
9405-GPBBG,0.0841,Low,"TotalCharges, n_services, InternetService_Fiber optic","n_services, InternetService_Fiber optic, InternetService_DSL",Check fiber quality & price; offer a plan review,0
7641-TQFHN,0.0841,Low,"InternetService_Fiber optic, TotalCharges, n_services","InternetService_Fiber optic, n_services, InternetService_DSL",Check fiber quality & price; offer a plan review,0
4464-JCOLN,0.0837,Low,"tenure, charges_per_month, MonthlyCharges","MonthlyCharges, InternetService_DSL, Contract_Two year",Review plan pricing; offer a cheaper bundle,1
1136-XGEQU,0.0816,Low,"n_services, TotalCharges, Contract_Two year","n_services, Contract_Two year, PaperlessBilling_No",Standard retention call,0
9822-BIIGN,0.0816,Low,"n_services, TotalCharges, Contract_Month-to-month","n_services, Contract_Month-to-month, Contract_Two year",Offer discount for a 1-year contract,0
0725-CXOTM,0.0815,Low,"n_services, Contract_Two year, TotalCharges","n_services, Contract_Two year, PaperlessBilling_No",Standard retention call,0
7010-ZMVBF,0.0808,Low,"charges_per_month, MonthlyCharges, tenure","MonthlyCharges, Contract_Month-to-month, InternetService_DSL",Review plan pricing; offer a cheaper bundle,0
0106-UGRDO,0.0808,Low,"TotalCharges, n_services, InternetService_Fiber optic","n_services, InternetService_Fiber optic, InternetService_DSL",Check fiber quality & price; offer a plan review,0
9052-DHNKM,0.0803,Low,"tenure, Contract_Two year, n_services","Contract_Two year, n_services, MultipleLines_No",Standard retention call,0
1730-VFMWO,0.0782,Low,"Contract_Month-to-month, Contract_Two year, MonthlyCharges","Contract_Month-to-month, Contract_Two year, MonthlyCharges",Offer discount for a 1-year contract,0
1545-JFUML,0.0782,Low,"TotalCharges, n_services, InternetService_Fiber optic","n_services, InternetService_Fiber optic, InternetService_DSL",Check fiber quality & price; offer a plan review,0
5701-GUXDC,0.0779,Low,"charges_per_month, MonthlyCharges, tenure","MonthlyCharges, Contract_Two year, PhoneService_Yes",Review plan pricing; offer a cheaper bundle,0
7233-IOQNP,0.0774,Low,"charges_per_month, MonthlyCharges, Contract_Month-to-month","MonthlyCharges, Contract_Month-to-month, Contract_Two year",Review plan pricing; offer a cheaper bundle,0
2877-VDUER,0.0767,Low,"charges_per_month, MonthlyCharges, Contract_Two year","MonthlyCharges, Contract_Two year, PhoneService_Yes",Review plan pricing; offer a cheaper bundle,0
7663-CUXZB,0.0766,Low,"TotalCharges, n_services, InternetService_Fiber optic","n_services, InternetService_Fiber optic, InternetService_DSL",Check fiber quality & price; offer a plan review,0
5857-XRECV,0.0762,Low,"tenure, charges_per_month, MonthlyCharges","MonthlyCharges, InternetService_DSL, Contract_Two year",Review plan pricing; offer a cheaper bundle,0
5018-LXQQG,0.0761,Low,"Contract_Month-to-month, Contract_Two year, n_services","Contract_Month-to-month, Contract_Two year, n_services",Offer discount for a 1-year contract,0
6933-FHBZC,0.0758,Low,"tenure, Contract_Two year, PaperlessBilling_No","Contract_Two year, PaperlessBilling_No, MonthlyCharges",Review plan pricing; offer a cheaper bundle,0
9866-OCCKE,0.075,Low,"TotalCharges, n_services, InternetService_Fiber optic","n_services, InternetService_Fiber optic, InternetService_DSL",Check fiber quality & price; offer a plan review,0
9308-ANMVE,0.0746,Low,"Contract_Month-to-month, Contract_Two year, PaperlessBilling_No","Contract_Month-to-month, Contract_Two year, PaperlessBilling_No",Offer discount for a 1-year contract,0
0164-APGRB,0.0745,Low,"TotalCharges, n_services, InternetService_Fiber optic","n_services, InternetService_Fiber optic, InternetService_DSL",Check fiber quality & price; offer a plan review,0
3530-VWVGU,0.0743,Low,"charges_per_month, MonthlyCharges, tenure","MonthlyCharges, Contract_Month-to-month, InternetService_DSL",Review plan pricing; offer a cheaper bundle,0
3229-USWAR,0.0742,Low,"n_services, Contract_Two year, PaperlessBilling_No","n_services, Contract_Two year, PaperlessBilling_No",Standard retention call,0
2834-JKOOW,0.0738,Low,"tenure, charges_per_month, MonthlyCharges","MonthlyCharges, Contract_Two year, PhoneService_Yes",Review plan pricing; offer a cheaper bundle,0
1038-RQOST,0.0738,Low,"charges_per_month, MonthlyCharges, tenure","MonthlyCharges, Contract_Month-to-month, InternetService_DSL",Review plan pricing; offer a cheaper bundle,0
7666-WKRON,0.0732,Low,"InternetService_Fiber optic, InternetService_DSL, TotalCharges","InternetService_Fiber optic, InternetService_DSL, PaperlessBilling_No",Check fiber quality & price; offer a plan review,1
2746-DIJLO,0.0727,Low,"Contract_Two year, PaperlessBilling_No, MultipleLines_No","Contract_Two year, PaperlessBilling_No, MultipleLines_No",Standard retention call,0
9313-QOLTZ,0.0727,Low,"charges_per_month, MonthlyCharges, Contract_Month-to-month","MonthlyCharges, Contract_Month-to-month, InternetService_DSL",Review plan pricing; offer a cheaper bundle,0
6967-PEJLL,0.0725,Low,"charges_per_month, MonthlyCharges, Contract_Two year","MonthlyCharges, Contract_Two year, PhoneService_Yes",Review plan pricing; offer a cheaper bundle,0
2522-WLNSF,0.072,Low,"Contract_Two year, n_services, SeniorCitizen","Contract_Two year, n_services, StreamingTV_Yes",Offer a streaming bundle discount,0
6682-QJDGB,0.0717,Low,"Contract_Month-to-month, Contract_Two year, PaperlessBilling_No","Contract_Month-to-month, Contract_Two year, PaperlessBilling_No",Offer discount for a 1-year contract,1
7032-LMBHI,0.0712,Low,"Contract_Two year, n_services, MultipleLines_No","Contract_Two year, n_services, MultipleLines_No",Standard retention call,0
1729-VLAZJ,0.0709,Low,"tenure, charges_per_month, MonthlyCharges","MonthlyCharges, Contract_Two year, PhoneService_Yes",Review plan pricing; offer a cheaper bundle,0
3301-VKTGC,0.0707,Low,"TotalCharges, InternetService_Fiber optic, InternetService_DSL","InternetService_Fiber optic, InternetService_DSL, Contract_Two year",Check fiber quality & price; offer a plan review,0
5271-YNWVR,0.0705,Low,"TotalCharges, n_services, InternetService_Fiber optic","n_services, InternetService_Fiber optic, InternetService_DSL",Check fiber quality & price; offer a plan review,1
6075-QMNRR,0.0705,Low,"Contract_Month-to-month, charges_per_month, Contract_Two year","Contract_Month-to-month, Contract_Two year, MonthlyCharges",Offer discount for a 1-year contract,0
5514-YQENT,0.07,Low,"n_services, TotalCharges, InternetService_Fiber optic","n_services, InternetService_Fiber optic, InternetService_DSL",Check fiber quality & price; offer a plan review,0
7762-ONLJY,0.0698,Low,"tenure, charges_per_month, MonthlyCharges","MonthlyCharges, InternetService_DSL, Contract_Two year",Review plan pricing; offer a cheaper bundle,0
2798-NYLMZ,0.0693,Low,"TotalCharges, n_services, InternetService_Fiber optic","n_services, InternetService_Fiber optic, InternetService_DSL",Check fiber quality & price; offer a plan review,0
9473-CBZOP,0.0692,Low,"Contract_Two year, tenure, n_services","Contract_Two year, n_services, MultipleLines_No",Standard retention call,0
0134-XWXCE,0.0689,Low,"n_services, Contract_Two year, TotalCharges","n_services, Contract_Two year, StreamingMovies_Yes",Offer a streaming bundle discount,0
2388-LAESQ,0.0688,Low,"TotalCharges, n_services, InternetService_Fiber optic","n_services, InternetService_Fiber optic, InternetService_DSL",Check fiber quality & price; offer a plan review,0
7816-VGHTO,0.0688,Low,"tenure, charges_per_month, MonthlyCharges","MonthlyCharges, PhoneService_Yes, MultipleLines_No",Review plan pricing; offer a cheaper bundle,0
5442-BXVND,0.0685,Low,"charges_per_month, MonthlyCharges, Contract_Month-to-month","MonthlyCharges, Contract_Month-to-month, InternetService_DSL",Review plan pricing; offer a cheaper bundle,0
1952-DVVSW,0.0676,Low,"charges_per_month, tenure, MonthlyCharges","MonthlyCharges, InternetService_DSL, Contract_Two year",Review plan pricing; offer a cheaper bundle,0
4137-JOPHL,0.0676,Low,"TotalCharges, InternetService_Fiber optic, InternetService_DSL","InternetService_Fiber optic, InternetService_DSL, n_services",Check fiber quality & price; offer a plan review,0
8819-ZBYNA,0.0675,Low,"TotalCharges, n_services, InternetService_Fiber optic","n_services, InternetService_Fiber optic, InternetService_DSL",Check fiber quality & price; offer a plan review,0
8741-LQOBK,0.0674,Low,"charges_per_month, MonthlyCharges, Contract_Month-to-month","MonthlyCharges, Contract_Month-to-month, Contract_Two year",Review plan pricing; offer a cheaper bundle,0
5297-MDOIR,0.0672,Low,"TotalCharges, InternetService_Fiber optic, InternetService_DSL","InternetService_Fiber optic, InternetService_DSL, Contract_Two year",Check fiber quality & price; offer a plan review,0
2171-UDMFD,0.0663,Low,"charges_per_month, MonthlyCharges, Contract_Month-to-month","MonthlyCharges, Contract_Month-to-month, InternetService_DSL",Review plan pricing; offer a cheaper bundle,0
5975-BAICR,0.066,Low,"Contract_Two year, n_services, PaperlessBilling_No","Contract_Two year, n_services, PaperlessBilling_No",Standard retention call,0
9070-BCKQP,0.0657,Low,"TotalCharges, n_services, InternetService_Fiber optic","n_services, InternetService_Fiber optic, InternetService_DSL",Check fiber quality & price; offer a plan review,0
8015-IHCGW,0.0654,Low,"TotalCharges, n_services, InternetService_Fiber optic","n_services, InternetService_Fiber optic, InternetService_DSL",Check fiber quality & price; offer a plan review,0
8573-JGCZW,0.0652,Low,"charges_per_month, tenure, MonthlyCharges","MonthlyCharges, InternetService_DSL, Contract_Two year",Review plan pricing; offer a cheaper bundle,0
5049-MUBWG,0.065,Low,"n_services, tenure, Contract_Two year","n_services, Contract_Two year, StreamingMovies_Yes",Offer a streaming bundle discount,0
1036-GUDCL,0.0649,Low,"n_services, TotalCharges, Contract_Month-to-month","n_services, Contract_Month-to-month, Contract_Two year",Offer discount for a 1-year contract,0
4223-BKEOR,0.0638,Low,"tenure, Contract_Two year, n_services","Contract_Two year, n_services, StreamingMovies_Yes",Offer a streaming bundle discount,0
0628-CNQRM,0.0633,Low,"tenure, n_services, Contract_Two year","n_services, Contract_Two year, PaperlessBilling_No",Standard retention call,1
3354-OADJP,0.0622,Low,"tenure, Contract_Two year, charges_per_month","Contract_Two year, MonthlyCharges, DeviceProtection_No internet service",Review plan pricing; offer a cheaper bundle,0
9637-CDTKZ,0.0619,Low,"TotalCharges, n_services, InternetService_Fiber optic","n_services, InternetService_Fiber optic, InternetService_DSL",Check fiber quality & price; offer a plan review,0
2323-ARSVR,0.0617,Low,"TotalCharges, n_services, InternetService_Fiber optic","n_services, InternetService_Fiber optic, InternetService_DSL",Check fiber quality & price; offer a plan review,0
9917-KWRBE,0.0615,Low,"n_services, Contract_Two year, TotalCharges","n_services, Contract_Two year, PaperlessBilling_No",Standard retention call,0
6797-LNAQX,0.0614,Low,"TotalCharges, InternetService_Fiber optic, n_services","InternetService_Fiber optic, n_services, InternetService_DSL",Check fiber quality & price; offer a plan review,1
0980-FEXWF,0.0613,Low,"tenure, charges_per_month, Contract_Two year","Contract_Two year, MonthlyCharges, OnlineSecurity_No",Review plan pricing; offer a cheaper bundle,0
2368-GAKKQ,0.061,Low,"TotalCharges, n_services, InternetService_Fiber optic","n_services, InternetService_Fiber optic, InternetService_DSL",Check fiber quality & price; offer a plan review,0
9142-XMYJH,0.0607,Low,"charges_per_month, MonthlyCharges, Contract_Month-to-month","MonthlyCharges, Contract_Month-to-month, InternetService_DSL",Review plan pricing; offer a cheaper bundle,0
1150-WFARN,0.0607,Low,"TotalCharges, n_services, InternetService_Fiber optic","n_services, InternetService_Fiber optic, InternetService_DSL",Check fiber quality & price; offer a plan review,1
7971-HLVXI,0.0607,Low,"TotalCharges, InternetService_Fiber optic, InternetService_DSL","InternetService_Fiber optic, InternetService_DSL, PaperlessBilling_No",Check fiber quality & price; offer a plan review,0
5524-KHNJP,0.0606,Low,"n_services, Contract_Two year, StreamingMovies_Yes","n_services, Contract_Two year, StreamingMovies_Yes",Offer a streaming bundle discount,0
2408-PSJVE,0.0605,Low,"Contract_Month-to-month, Contract_Two year, n_services","Contract_Month-to-month, Contract_Two year, n_services",Offer discount for a 1-year contract,0
9298-WGMRW,0.0603,Low,"TotalCharges, n_services, InternetService_Fiber optic","n_services, InternetService_Fiber optic, InternetService_DSL",Check fiber quality & price; offer a plan review,0
6734-FQAJX,0.0597,Low,"TotalCharges, n_services, InternetService_Fiber optic","n_services, InternetService_Fiber optic, InternetService_DSL",Check fiber quality & price; offer a plan review,0
5671-RQRLP,0.0597,Low,"TotalCharges, InternetService_Fiber optic, InternetService_DSL","InternetService_Fiber optic, InternetService_DSL, PaperlessBilling_No",Check fiber quality & price; offer a plan review,0
2923-ARZLG,0.0595,Low,"tenure, MonthlyCharges, InternetService_DSL","MonthlyCharges, InternetService_DSL, Contract_Two year",Review plan pricing; offer a cheaper bundle,0
9351-HXDMR,0.0594,Low,"TotalCharges, n_services, InternetService_Fiber optic","n_services, InternetService_Fiber optic, InternetService_DSL",Check fiber quality & price; offer a plan review,0
5753-QQWPW,0.059,Low,"Contract_Two year, tenure, n_services","Contract_Two year, n_services, PaperlessBilling_No",Standard retention call,0
9313-CDOGY,0.0584,Low,"charges_per_month, MonthlyCharges, Contract_Month-to-month","MonthlyCharges, Contract_Month-to-month, InternetService_DSL",Review plan pricing; offer a cheaper bundle,0
6919-ELBGL,0.0581,Low,"TotalCharges, n_services, InternetService_Fiber optic","n_services, InternetService_Fiber optic, InternetService_DSL",Check fiber quality & price; offer a plan review,0
0983-TATYJ,0.0581,Low,"Contract_Two year, MonthlyCharges, charges_per_month","Contract_Two year, MonthlyCharges, PaperlessBilling_No",Review plan pricing; offer a cheaper bundle,0
0866-QLSIR,0.058,Low,"n_services, Contract_Two year, PaperlessBilling_No","n_services, Contract_Two year, PaperlessBilling_No",Standard retention call,1
7649-PHJVR,0.0579,Low,"charges_per_month, tenure, MonthlyCharges","MonthlyCharges, InternetService_DSL, Contract_Two year",Review plan pricing; offer a cheaper bundle,0
0727-BNRLG,0.0576,Low,"TotalCharges, n_services, InternetService_Fiber optic","n_services, InternetService_Fiber optic, InternetService_DSL",Check fiber quality & price; offer a plan review,0
3766-EJLFL,0.0572,Low,"TotalCharges, n_services, InternetService_Fiber optic","n_services, InternetService_Fiber optic, InternetService_DSL",Check fiber quality & price; offer a plan review,0
8570-KLJYJ,0.0572,Low,"Contract_Two year, charges_per_month, MonthlyCharges","Contract_Two year, MonthlyCharges, MultipleLines_No",Review plan pricing; offer a cheaper bundle,0
1097-FSPVW,0.0572,Low,"Contract_Month-to-month, Contract_Two year, MonthlyCharges","Contract_Month-to-month, Contract_Two year, MonthlyCharges",Offer discount for a 1-year contract,0
8690-UPCZI,0.057,Low,"n_services, Contract_Two year, tenure","n_services, Contract_Two year, MultipleLines_No",Standard retention call,0
3750-YHRYO,0.0568,Low,"tenure, charges_per_month, MonthlyCharges","MonthlyCharges, InternetService_DSL, Contract_Two year",Review plan pricing; offer a cheaper bundle,0
5236-XMZJY,0.0565,Low,"Contract_Month-to-month, Contract_Two year, n_services","Contract_Month-to-month, Contract_Two year, n_services",Offer discount for a 1-year contract,0
8591-TKMZH,0.0565,Low,"TotalCharges, n_services, InternetService_Fiber optic","n_services, InternetService_Fiber optic, InternetService_DSL",Check fiber quality & price; offer a plan review,0
9860-LISIZ,0.0563,Low,"charges_per_month, MonthlyCharges, Contract_Month-to-month","MonthlyCharges, Contract_Month-to-month, InternetService_DSL",Review plan pricing; offer a cheaper bundle,0
5468-BPMMO,0.056,Low,"charges_per_month, MonthlyCharges, Contract_Month-to-month","MonthlyCharges, Contract_Month-to-month, InternetService_DSL",Review plan pricing; offer a cheaper bundle,0
4537-CIBHB,0.056,Low,"tenure, charges_per_month, MonthlyCharges","MonthlyCharges, InternetService_DSL, Contract_Two year",Review plan pricing; offer a cheaper bundle,0
7492-TAFJD,0.0552,Low,"tenure, charges_per_month, MonthlyCharges","MonthlyCharges, PhoneService_Yes, MultipleLines_No",Review plan pricing; offer a cheaper bundle,0
7677-SJJJK,0.0549,Low,"tenure, charges_per_month, MonthlyCharges","MonthlyCharges, InternetService_DSL, Contract_Two year",Review plan pricing; offer a cheaper bundle,0
5062-CJJKH,0.0547,Low,"tenure, Contract_Two year, charges_per_month","Contract_Two year, MonthlyCharges, OnlineSecurity_No",Review plan pricing; offer a cheaper bundle,0
4627-MIHJH,0.0542,Low,"TotalCharges, n_services, InternetService_Fiber optic","n_services, InternetService_Fiber optic, InternetService_DSL",Check fiber quality & price; offer a plan review,0
7191-ADRGF,0.0541,Low,"PhoneService_Yes, n_services, MonthlyCharges","PhoneService_Yes, n_services, MonthlyCharges",Review plan pricing; offer a cheaper bundle,0
7520-HQWJU,0.0538,Low,"TotalCharges, n_services, Contract_Month-to-month","n_services, Contract_Month-to-month, Contract_Two year",Offer discount for a 1-year contract,0
2788-CJQAQ,0.0536,Low,"charges_per_month, tenure, MonthlyCharges","MonthlyCharges, InternetService_DSL, Contract_Two year",Review plan pricing; offer a cheaper bundle,0
1131-ALZWV,0.0528,Low,"charges_per_month, MonthlyCharges, tenure","MonthlyCharges, InternetService_DSL, Contract_Two year",Review plan pricing; offer a cheaper bundle,0
9289-LBQVU,0.0524,Low,"TotalCharges, n_services, Contract_Two year","n_services, Contract_Two year, PaperlessBilling_No",Standard retention call,0
7369-TRPFD,0.0523,Low,"charges_per_month, MonthlyCharges, tenure","MonthlyCharges, InternetService_DSL, Contract_Two year",Review plan pricing; offer a cheaper bundle,0
6445-TNRXS,0.0516,Low,"TotalCharges, n_services, InternetService_Fiber optic","n_services, InternetService_Fiber optic, InternetService_DSL",Check fiber quality & price; offer a plan review,0
9758-MFWGD,0.0515,Low,"charges_per_month, MonthlyCharges, Contract_Two year","MonthlyCharges, Contract_Two year, PhoneService_Yes",Review plan pricing; offer a cheaper bundle,0
0019-EFAEP,0.0512,Low,"TotalCharges, n_services, InternetService_Fiber optic","n_services, InternetService_Fiber optic, InternetService_DSL",Check fiber quality & price; offer a plan review,0
8777-PVYGU,0.0511,Low,"TotalCharges, Contract_Two year, n_services","Contract_Two year, n_services, PaperlessBilling_No",Standard retention call,0
7838-LAZFO,0.0508,Low,"n_services, TotalCharges, Contract_Two year","n_services, Contract_Two year, StreamingMovies_Yes",Offer a streaming bundle discount,0
2325-ZUSFD,0.0507,Low,"TotalCharges, Contract_Two year, n_services","Contract_Two year, n_services, PaperlessBilling_No",Standard retention call,1
9483-GCPWE,0.0501,Low,"tenure, charges_per_month, MonthlyCharges","MonthlyCharges, InternetService_DSL, Contract_Two year",Review plan pricing; offer a cheaper bundle,0
2061-VVFST,0.0496,Low,"charges_per_month, MonthlyCharges, Contract_Month-to-month","MonthlyCharges, Contract_Month-to-month, InternetService_DSL",Review plan pricing; offer a cheaper bundle,0
9906-NHHVC,0.0491,Low,"TotalCharges, PhoneService_Yes, n_services","PhoneService_Yes, n_services, MonthlyCharges",Review plan pricing; offer a cheaper bundle,0
2907-ILJBN,0.0488,Low,"charges_per_month, tenure, MonthlyCharges","MonthlyCharges, InternetService_DSL, Contract_Two year",Review plan pricing; offer a cheaper bundle,0
0307-BCOPK,0.0488,Low,"charges_per_month, tenure, MonthlyCharges","MonthlyCharges, InternetService_DSL, Contract_Two year",Review plan pricing; offer a cheaper bundle,0
5061-PBXFW,0.0485,Low,"Contract_Month-to-month, Contract_Two year, n_services","Contract_Month-to-month, Contract_Two year, n_services",Offer discount for a 1-year contract,0
6434-TTGJP,0.0484,Low,"tenure, n_services, charges_per_month","n_services, PhoneService_Yes, MonthlyCharges",Review plan pricing; offer a cheaper bundle,0
9220-ZNKJI,0.0483,Low,"TotalCharges, InternetService_Fiber optic, InternetService_DSL","InternetService_Fiber optic, InternetService_DSL, n_services",Check fiber quality & price; offer a plan review,0
7279-NMVJC,0.0483,Low,"charges_per_month, tenure, MonthlyCharges","MonthlyCharges, InternetService_DSL, Contract_Two year",Review plan pricing; offer a cheaper bundle,0
2511-MORQY,0.0482,Low,"Contract_Two year, charges_per_month, MultipleLines_No","Contract_Two year, MultipleLines_No, MonthlyCharges",Review plan pricing; offer a cheaper bundle,0
8727-XDPUD,0.0477,Low,"charges_per_month, MonthlyCharges, PhoneService_Yes","MonthlyCharges, PhoneService_Yes, MultipleLines_No",Review plan pricing; offer a cheaper bundle,0
5505-OVWQW,0.0468,Low,"charges_per_month, tenure, MonthlyCharges","MonthlyCharges, InternetService_DSL, Contract_Two year",Review plan pricing; offer a cheaper bundle,0
0074-HDKDG,0.0467,Low,"tenure, Contract_Two year, n_services","Contract_Two year, n_services, PaperlessBilling_No",Standard retention call,0
6194-HBGQN,0.0464,Low,"n_services, TotalCharges, Contract_Two year","n_services, Contract_Two year, PaperlessBilling_No",Standard retention call,0
3396-DKDEL,0.0462,Low,"TotalCharges, n_services, InternetService_Fiber optic","n_services, InternetService_Fiber optic, InternetService_DSL",Check fiber quality & price; offer a plan review,0
0017-IUDMW,0.0457,Low,"TotalCharges, n_services, InternetService_Fiber optic","n_services, InternetService_Fiber optic, InternetService_DSL",Check fiber quality & price; offer a plan review,0
4359-INNWN,0.0455,Low,"charges_per_month, tenure, MonthlyCharges","MonthlyCharges, InternetService_DSL, Contract_Two year",Review plan pricing; offer a cheaper bundle,0
7471-MQPOS,0.0454,Low,"TotalCharges, n_services, Contract_Two year","n_services, Contract_Two year, PaperlessBilling_No",Standard retention call,0
4378-MYPGO,0.045,Low,"TotalCharges, n_services, InternetService_Fiber optic","n_services, InternetService_Fiber optic, InternetService_DSL",Check fiber quality & price; offer a plan review,0
4376-KFVRS,0.045,Low,"TotalCharges, n_services, InternetService_Fiber optic","n_services, InternetService_Fiber optic, InternetService_DSL",Check fiber quality & price; offer a plan review,0
9412-ARGBX,0.045,Low,"TotalCharges, InternetService_Fiber optic, n_services","InternetService_Fiber optic, n_services, InternetService_DSL",Check fiber quality & price; offer a plan review,1
0254-KCJGT,0.0449,Low,"n_services, TotalCharges, Contract_Two year","n_services, Contract_Two year, PaperlessBilling_No",Standard retention call,0
3442-ZHHCC,0.0448,Low,"TotalCharges, n_services, Contract_Two year","n_services, Contract_Two year, PaperlessBilling_No",Standard retention call,0
8400-WZICQ,0.0448,Low,"Contract_Month-to-month, Contract_Two year, TotalCharges","Contract_Month-to-month, Contract_Two year, MonthlyCharges",Offer discount for a 1-year contract,0
4304-TSPVK,0.0447,Low,"TotalCharges, n_services, InternetService_Fiber optic","n_services, InternetService_Fiber optic, InternetService_DSL",Check fiber quality & price; offer a plan review,0
1936-CZAKF,0.0445,Low,"charges_per_month, MonthlyCharges, PhoneService_Yes","MonthlyCharges, PhoneService_Yes, MultipleLines_No",Review plan pricing; offer a cheaper bundle,0
8915-NNTRC,0.0445,Low,"TotalCharges, n_services, InternetService_Fiber optic","n_services, InternetService_Fiber optic, InternetService_DSL",Check fiber quality & price; offer a plan review,0
6848-YLDFR,0.0444,Low,"TotalCharges, n_services, Contract_Two year","n_services, Contract_Two year, PaperlessBilling_No",Standard retention call,0
6527-PZFPV,0.0444,Low,"charges_per_month, MonthlyCharges, tenure","MonthlyCharges, InternetService_DSL, Contract_Two year",Review plan pricing; offer a cheaper bundle,0
8024-XNAFQ,0.0443,Low,"TotalCharges, n_services, InternetService_Fiber optic","n_services, InternetService_Fiber optic, InternetService_DSL",Check fiber quality & price; offer a plan review,0
7375-WMVMT,0.0442,Low,"TotalCharges, InternetService_Fiber optic, n_services","InternetService_Fiber optic, n_services, InternetService_DSL",Check fiber quality & price; offer a plan review,0
9534-NSXEM,0.0441,Low,"charges_per_month, MonthlyCharges, InternetService_DSL","MonthlyCharges, InternetService_DSL, Contract_Two year",Review plan pricing; offer a cheaper bundle,0
7690-KPNCU,0.044,Low,"TotalCharges, n_services, Contract_Two year","n_services, Contract_Two year, PaperlessBilling_No",Standard retention call,0
7338-ERIVA,0.0437,Low,"charges_per_month, MonthlyCharges, Contract_Two year","MonthlyCharges, Contract_Two year, PhoneService_Yes",Review plan pricing; offer a cheaper bundle,0
9209-NWPGU,0.0436,Low,"Contract_Two year, n_services, PaymentMethod_Electronic check","Contract_Two year, n_services, PaymentMethod_Electronic check",Nudge to auto-pay with a small credit,0
0868-VJRDR,0.0435,Low,"TotalCharges, n_services, InternetService_Fiber optic","n_services, InternetService_Fiber optic, InternetService_DSL",Check fiber quality & price; offer a plan review,0
9777-IQHWP,0.0434,Low,"TotalCharges, InternetService_Fiber optic, n_services","InternetService_Fiber optic, n_services, InternetService_DSL",Check fiber quality & price; offer a plan review,0
0121-SNYRK,0.0433,Low,"charges_per_month, MonthlyCharges, Contract_Two year","MonthlyCharges, Contract_Two year, PhoneService_Yes",Review plan pricing; offer a cheaper bundle,0
2320-TZRRH,0.043,Low,"charges_per_month, MonthlyCharges, tenure","MonthlyCharges, InternetService_DSL, Contract_Two year",Review plan pricing; offer a cheaper bundle,0
1133-KXCGE,0.0428,Low,"charges_per_month, MonthlyCharges, tenure","MonthlyCharges, InternetService_DSL, Contract_Two year",Review plan pricing; offer a cheaper bundle,0
4086-ATNFV,0.0427,Low,"Contract_Two year, n_services, PaperlessBilling_No","Contract_Two year, n_services, PaperlessBilling_No",Standard retention call,0
5825-XJOCM,0.0426,Low,"n_services, Contract_Two year, TotalCharges","n_services, Contract_Two year, PaperlessBilling_No",Standard retention call,0
4717-GHADL,0.0424,Low,"n_services, TotalCharges, PaperlessBilling_No","n_services, PaperlessBilling_No, MultipleLines_No",Standard retention call,0
1741-WTPON,0.0422,Low,"TotalCharges, n_services, InternetService_Fiber optic","n_services, InternetService_Fiber optic, InternetService_DSL",Check fiber quality & price; offer a plan review,0
7996-BPXHY,0.042,Low,"tenure, charges_per_month, MonthlyCharges","MonthlyCharges, InternetService_DSL, PaperlessBilling_No",Review plan pricing; offer a cheaper bundle,0
1936-UAFEH,0.0418,Low,"TotalCharges, n_services, InternetService_Fiber optic","n_services, InternetService_Fiber optic, InternetService_DSL",Check fiber quality & price; offer a plan review,0
6374-NTQLP,0.0417,Low,"TotalCharges, n_services, InternetService_Fiber optic","n_services, InternetService_Fiber optic, InternetService_DSL",Check fiber quality & price; offer a plan review,0
1929-ZCBHE,0.0416,Low,"charges_per_month, MonthlyCharges, Contract_Two year","MonthlyCharges, Contract_Two year, PhoneService_Yes",Review plan pricing; offer a cheaper bundle,0
9330-DHBFL,0.0404,Low,"tenure, n_services, Contract_Two year","n_services, Contract_Two year, PaperlessBilling_No",Standard retention call,0
8763-KIAFH,0.04,Low,"charges_per_month, MonthlyCharges, InternetService_DSL","MonthlyCharges, InternetService_DSL, Contract_Two year",Review plan pricing; offer a cheaper bundle,0
7359-WWYJV,0.04,Low,"TotalCharges, n_services, InternetService_Fiber optic","n_services, InternetService_Fiber optic, InternetService_DSL",Check fiber quality & price; offer a plan review,0
8779-YIQQA,0.0395,Low,"charges_per_month, MonthlyCharges, tenure","MonthlyCharges, InternetService_DSL, Contract_Two year",Review plan pricing; offer a cheaper bundle,0
9746-UGFAC,0.0392,Low,"charges_per_month, MonthlyCharges, tenure","MonthlyCharges, InternetService_DSL, Contract_Two year",Review plan pricing; offer a cheaper bundle,0
6726-NNFWD,0.0389,Low,"TotalCharges, InternetService_Fiber optic, InternetService_DSL","InternetService_Fiber optic, InternetService_DSL, n_services",Check fiber quality & price; offer a plan review,0
4702-HDRKD,0.0387,Low,"Contract_Two year, charges_per_month, TotalCharges","Contract_Two year, MonthlyCharges, PhoneService_Yes",Review plan pricing; offer a cheaper bundle,0
4709-LKHYG,0.0387,Low,"charges_per_month, MonthlyCharges, InternetService_DSL","MonthlyCharges, InternetService_DSL, Contract_Two year",Review plan pricing; offer a cheaper bundle,0
8809-XKHMD,0.0386,Low,"TotalCharges, n_services, InternetService_Fiber optic","n_services, InternetService_Fiber optic, InternetService_DSL",Check fiber quality & price; offer a plan review,0
5245-VDBUR,0.0386,Low,"charges_per_month, MonthlyCharges, Contract_Two year","MonthlyCharges, Contract_Two year, PhoneService_Yes",Review plan pricing; offer a cheaper bundle,0
2245-ADZFJ,0.0385,Low,"n_services, MultipleLines_No, StreamingMovies_Yes","n_services, MultipleLines_No, StreamingMovies_Yes",Offer a streaming bundle discount,0
5204-HMGYF,0.0385,Low,"n_services, TotalCharges, Contract_Two year","n_services, Contract_Two year, PaperlessBilling_No",Standard retention call,0
3055-VTCGS,0.0383,Low,"TotalCharges, Contract_Two year, StreamingMovies_Yes","Contract_Two year, StreamingMovies_Yes, OnlineSecurity_No",Offer a streaming bundle discount,0
0056-EPFBG,0.0382,Low,"tenure, charges_per_month, MonthlyCharges","MonthlyCharges, PhoneService_Yes, PaperlessBilling_No",Review plan pricing; offer a cheaper bundle,0
7636-PEPNS,0.0372,Low,"charges_per_month, MonthlyCharges, Contract_Two year","MonthlyCharges, Contract_Two year, PaperlessBilling_No",Review plan pricing; offer a cheaper bundle,0
3125-RAHBV,0.0369,Low,"charges_per_month, MonthlyCharges, tenure","MonthlyCharges, InternetService_DSL, Contract_Two year",Review plan pricing; offer a cheaper bundle,0
4981-FLTMF,0.0364,Low,"n_services, Contract_Month-to-month, TotalCharges","n_services, Contract_Month-to-month, Contract_Two year",Offer discount for a 1-year contract,0
3705-PSNGL,0.0363,Low,"charges_per_month, MonthlyCharges, InternetService_DSL","MonthlyCharges, InternetService_DSL, Contract_Two year",Review plan pricing; offer a cheaper bundle,1
4530-NDRKU,0.0363,Low,"charges_per_month, MonthlyCharges, InternetService_DSL","MonthlyCharges, InternetService_DSL, Contract_Two year",Review plan pricing; offer a cheaper bundle,0
9640-ZSLDC,0.0361,Low,"Contract_Two year, TotalCharges, StreamingMovies_Yes","Contract_Two year, StreamingMovies_Yes, OnlineSecurity_No",Offer a streaming bundle discount,0
7581-EBBOU,0.0359,Low,"TotalCharges, n_services, Contract_Two year","n_services, Contract_Two year, PaperlessBilling_No",Standard retention call,0
4227-OJHAL,0.0356,Low,"TotalCharges, n_services, Contract_Two year","n_services, Contract_Two year, PaperlessBilling_No",Standard retention call,0
3506-OVLKD,0.0353,Low,"charges_per_month, MonthlyCharges, InternetService_DSL","MonthlyCharges, InternetService_DSL, Contract_Two year",Review plan pricing; offer a cheaper bundle,0
5696-CEIQJ,0.0353,Low,"TotalCharges, n_services, InternetService_Fiber optic","n_services, InternetService_Fiber optic, InternetService_DSL",Check fiber quality & price; offer a plan review,0
3982-JGSFD,0.0352,Low,"charges_per_month, MonthlyCharges, InternetService_DSL","MonthlyCharges, InternetService_DSL, Contract_Two year",Review plan pricing; offer a cheaper bundle,0
5820-PTRYM,0.0352,Low,"n_services, TotalCharges, Contract_Two year","n_services, Contract_Two year, PaperlessBilling_No",Standard retention call,0
3985-HOYPM,0.0351,Low,"charges_per_month, MonthlyCharges, InternetService_DSL","MonthlyCharges, InternetService_DSL, Contract_Two year",Review plan pricing; offer a cheaper bundle,0
6519-ZHPXP,0.0351,Low,"TotalCharges, n_services, InternetService_Fiber optic","n_services, InternetService_Fiber optic, InternetService_DSL",Check fiber quality & price; offer a plan review,0
9108-EQPNQ,0.035,Low,"tenure, charges_per_month, MonthlyCharges","MonthlyCharges, InternetService_DSL, MultipleLines_No",Review plan pricing; offer a cheaper bundle,0
2676-SSLTO,0.035,Low,"TotalCharges, n_services, PaperlessBilling_No","n_services, PaperlessBilling_No, MultipleLines_No",Standard retention call,0
4877-TSOFF,0.0348,Low,"n_services, TotalCharges, Contract_Two year","n_services, Contract_Two year, PaperlessBilling_No",Standard retention call,0
5170-PTRKA,0.0347,Low,"charges_per_month, MonthlyCharges, Contract_Two year","MonthlyCharges, Contract_Two year, PhoneService_Yes",Review plan pricing; offer a cheaper bundle,0
7322-OCWHC,0.0345,Low,"TotalCharges, n_services, InternetService_Fiber optic","n_services, InternetService_Fiber optic, InternetService_DSL",Check fiber quality & price; offer a plan review,0
9530-GRMJG,0.0342,Low,"TotalCharges, n_services, PaperlessBilling_No","n_services, PaperlessBilling_No, MultipleLines_No",Standard retention call,0
4973-RLZVI,0.0342,Low,"n_services, Contract_Two year, StreamingTV_Yes","n_services, Contract_Two year, StreamingTV_Yes",Offer a streaming bundle discount,0
6461-PPAXN,0.0341,Low,"Contract_Two year, PaperlessBilling_No, MonthlyCharges","Contract_Two year, PaperlessBilling_No, MonthlyCharges",Review plan pricing; offer a cheaper bundle,0
9926-PJHDQ,0.034,Low,"TotalCharges, n_services, PaperlessBilling_No","n_services, PaperlessBilling_No, MultipleLines_No",Standard retention call,0
3926-YZVVX,0.0337,Low,"charges_per_month, Contract_Two year, MonthlyCharges","Contract_Two year, MonthlyCharges, OnlineSecurity_No",Review plan pricing; offer a cheaper bundle,0
9720-JJJOR,0.0337,Low,"Contract_Two year, n_services, PaperlessBilling_No","Contract_Two year, n_services, PaperlessBilling_No",Standard retention call,0
2188-SXWVT,0.0337,Low,"Contract_Two year, MonthlyCharges, charges_per_month","Contract_Two year, MonthlyCharges, TechSupport_No",Review plan pricing; offer a cheaper bundle,0
8873-TMKGR,0.0336,Low,"charges_per_month, MonthlyCharges, InternetService_DSL","MonthlyCharges, InternetService_DSL, Contract_Two year",Review plan pricing; offer a cheaper bundle,0
9648-BCHKM,0.0335,Low,"charges_per_month, tenure, MonthlyCharges","MonthlyCharges, InternetService_DSL, PaperlessBilling_No",Review plan pricing; offer a cheaper bundle,0
5917-RYRMG,0.0331,Low,"charges_per_month, MonthlyCharges, InternetService_DSL","MonthlyCharges, InternetService_DSL, Contract_Two year",Review plan pricing; offer a cheaper bundle,0
2150-OEGBV,0.0327,Low,"charges_per_month, MonthlyCharges, InternetService_DSL","MonthlyCharges, InternetService_DSL, Contract_Two year",Review plan pricing; offer a cheaper bundle,0
9919-FZDED,0.0325,Low,"TotalCharges, n_services, PaperlessBilling_No","n_services, PaperlessBilling_No, MultipleLines_No",Standard retention call,0
1776-SPBWV,0.0324,Low,"charges_per_month, MonthlyCharges, InternetService_DSL","MonthlyCharges, InternetService_DSL, Contract_Two year",Review plan pricing; offer a cheaper bundle,0
3831-YCPUO,0.0323,Low,"TotalCharges, n_services, InternetService_Fiber optic","n_services, InternetService_Fiber optic, InternetService_DSL",Check fiber quality & price; offer a plan review,0
6013-BHCAW,0.0323,Low,"TotalCharges, n_services, PaperlessBilling_No","n_services, PaperlessBilling_No, MultipleLines_No",Standard retention call,0
5313-FPXWG,0.0323,Low,"charges_per_month, MonthlyCharges, InternetService_DSL","MonthlyCharges, InternetService_DSL, Contract_Two year",Review plan pricing; offer a cheaper bundle,0
5519-TEEUH,0.032,Low,"charges_per_month, MonthlyCharges, InternetService_DSL","MonthlyCharges, InternetService_DSL, Contract_Two year",Review plan pricing; offer a cheaper bundle,0
6823-SIDFQ,0.0319,Low,"charges_per_month, MonthlyCharges, InternetService_DSL","MonthlyCharges, InternetService_DSL, Contract_Two year",Review plan pricing; offer a cheaper bundle,0
6061-GWWAV,0.0316,Low,"n_services, Contract_Two year, TotalCharges","n_services, Contract_Two year, StreamingTV_Yes",Offer a streaming bundle discount,0
4560-WQAQW,0.0316,Low,"TotalCharges, n_services, Contract_Two year","n_services, Contract_Two year, MultipleLines_No",Standard retention call,0
1271-UODNO,0.0306,Low,"PaperlessBilling_No, MonthlyCharges, MultipleLines_No","PaperlessBilling_No, MonthlyCharges, MultipleLines_No",Review plan pricing; offer a cheaper bundle,0
8782-NUUOL,0.0306,Low,"TotalCharges, n_services, Contract_Two year","n_services, Contract_Two year, StreamingMovies_Yes",Offer a streaming bundle discount,0
7632-YUTXB,0.0305,Low,"charges_per_month, MonthlyCharges, tenure","MonthlyCharges, InternetService_DSL, Contract_Two year",Review plan pricing; offer a cheaper bundle,0
6872-HXFNF,0.0303,Low,"TotalCharges, Contract_Two year, n_services","Contract_Two year, n_services, MultipleLines_No",Standard retention call,0
2088-IEBAU,0.0303,Low,"n_services, TotalCharges, PaperlessBilling_No","n_services, PaperlessBilling_No, MultipleLines_No",Standard retention call,0
1139-WUOAH,0.0302,Low,"PhoneService_Yes, TotalCharges, MonthlyCharges","PhoneService_Yes, MonthlyCharges, n_services",Review plan pricing; offer a cheaper bundle,0
9030-QGZNL,0.0301,Low,"tenure, charges_per_month, MonthlyCharges","MonthlyCharges, InternetService_DSL, StreamingMovies_No",Review plan pricing; offer a cheaper bundle,0
8717-VCTXJ,0.0299,Low,"charges_per_month, MonthlyCharges, InternetService_DSL","MonthlyCharges, InternetService_DSL, Contract_Two year",Review plan pricing; offer a cheaper bundle,0
4648-YPBTM,0.0298,Low,"n_services, TotalCharges, PaperlessBilling_No","n_services, PaperlessBilling_No, MultipleLines_No",Standard retention call,0
9867-XOBQA,0.0293,Low,"tenure, n_services, PhoneService_Yes","n_services, PhoneService_Yes, MonthlyCharges",Review plan pricing; offer a cheaper bundle,0
5469-NUJUR,0.0293,Low,"charges_per_month, MonthlyCharges, tenure","MonthlyCharges, InternetService_DSL, PaperlessBilling_No",Review plan pricing; offer a cheaper bundle,0
1063-DHQJF,0.0292,Low,"TotalCharges, InternetService_Fiber optic, InternetService_DSL","InternetService_Fiber optic, InternetService_DSL, n_services",Check fiber quality & price; offer a plan review,0
0979-MOZQI,0.0287,Low,"charges_per_month, MonthlyCharges, PhoneService_Yes","MonthlyCharges, PhoneService_Yes, PaperlessBilling_No",Review plan pricing; offer a cheaper bundle,0
9385-NXKDA,0.0286,Low,"TotalCharges, n_services, PaperlessBilling_No","n_services, PaperlessBilling_No, MultipleLines_No",Standard retention call,0
5574-NXZIU,0.0284,Low,"TotalCharges, n_services, InternetService_Fiber optic","n_services, InternetService_Fiber optic, InternetService_DSL",Check fiber quality & price; offer a plan review,0
6322-HRPFA,0.0282,Low,"Contract_Month-to-month, Contract_Two year, n_services","Contract_Month-to-month, Contract_Two year, n_services",Offer discount for a 1-year contract,0
1525-LNLOJ,0.0281,Low,"TotalCharges, n_services, PaperlessBilling_No","n_services, PaperlessBilling_No, MultipleLines_No",Standard retention call,0
8869-TORSS,0.028,Low,"Contract_Two year, n_services, PaperlessBilling_No","Contract_Two year, n_services, PaperlessBilling_No",Standard retention call,1
9824-QCJPK,0.0279,Low,"charges_per_month, MonthlyCharges, InternetService_DSL","MonthlyCharges, InternetService_DSL, Contract_Two year",Review plan pricing; offer a cheaper bundle,0
6223-DHJGV,0.0278,Low,"charges_per_month, MonthlyCharges, InternetService_DSL","MonthlyCharges, InternetService_DSL, Contract_Two year",Review plan pricing; offer a cheaper bundle,0
3649-JPUGY,0.0278,Low,"TotalCharges, n_services, PaperlessBilling_No","n_services, PaperlessBilling_No, MultipleLines_No",Standard retention call,0
2335-GSODA,0.0276,Low,"charges_per_month, tenure, MonthlyCharges","MonthlyCharges, PhoneService_Yes, MultipleLines_No",Review plan pricing; offer a cheaper bundle,0
1265-HVPZB,0.0273,Low,"TotalCharges, n_services, Contract_Two year","n_services, Contract_Two year, StreamingTV_Yes",Offer a streaming bundle discount,0
5495-GPSRW,0.0272,Low,"charges_per_month, MonthlyCharges, tenure","MonthlyCharges, InternetService_DSL, PaperlessBilling_No",Review plan pricing; offer a cheaper bundle,0
4962-CHQPW,0.0271,Low,"charges_per_month, MonthlyCharges, InternetService_DSL","MonthlyCharges, InternetService_DSL, Contract_Two year",Review plan pricing; offer a cheaper bundle,0
3717-FDJFU,0.027,Low,"tenure, charges_per_month, MonthlyCharges","MonthlyCharges, InternetService_DSL, StreamingMovies_No",Review plan pricing; offer a cheaper bundle,0
0181-RITDD,0.027,Low,"TotalCharges, n_services, InternetService_Fiber optic","n_services, InternetService_Fiber optic, InternetService_DSL",Check fiber quality & price; offer a plan review,0
1023-BQXZE,0.0267,Low,"TotalCharges, n_services, PaperlessBilling_No","n_services, PaperlessBilling_No, StreamingMovies_Yes",Offer a streaming bundle discount,0
4737-HOBAX,0.0267,Low,"TotalCharges, n_services, MultipleLines_No","n_services, MultipleLines_No, StreamingMovies_Yes",Offer a streaming bundle discount,0
8314-HTWVE,0.0264,Low,"tenure, charges_per_month, MonthlyCharges","MonthlyCharges, InternetService_DSL, StreamingMovies_No",Review plan pricing; offer a cheaper bundle,0
6814-ZPWFQ,0.0261,Low,"charges_per_month, MonthlyCharges, InternetService_DSL","MonthlyCharges, InternetService_DSL, Contract_Two year",Review plan pricing; offer a cheaper bundle,0
6698-OXETB,0.026,Low,"charges_per_month, tenure, MonthlyCharges","MonthlyCharges, InternetService_DSL, StreamingMovies_No",Review plan pricing; offer a cheaper bundle,0
4500-HKANN,0.0258,Low,"tenure, n_services, MultipleLines_No","n_services, MultipleLines_No, OnlineSecurity_No",Offer free online-security add-on for 3 months,0
7061-OVMIM,0.0256,Low,"charges_per_month, MonthlyCharges, InternetService_DSL","MonthlyCharges, InternetService_DSL, Contract_Two year",Review plan pricing; offer a cheaper bundle,0
2812-REYAT,0.0253,Low,"charges_per_month, MonthlyCharges, InternetService_DSL","MonthlyCharges, InternetService_DSL, Contract_Two year",Review plan pricing; offer a cheaper bundle,0
5380-XPJNZ,0.0253,Low,"charges_per_month, MonthlyCharges, InternetService_DSL","MonthlyCharges, InternetService_DSL, Contract_Two year",Review plan pricing; offer a cheaper bundle,0
7337-CINUD,0.0252,Low,"tenure, charges_per_month, MonthlyCharges","MonthlyCharges, InternetService_DSL, StreamingMovies_No",Review plan pricing; offer a cheaper bundle,0
2541-YGPKE,0.0252,Low,"Contract_Two year, n_services, StreamingMovies_Yes","Contract_Two year, n_services, StreamingMovies_Yes",Offer a streaming bundle discount,0
5893-PYOLZ,0.0248,Low,"n_services, TotalCharges, PaperlessBilling_No","n_services, PaperlessBilling_No, StreamingMovies_Yes",Offer a streaming bundle discount,0
8390-FESFV,0.0246,Low,"n_services, TotalCharges, MultipleLines_No","n_services, MultipleLines_No, StreamingMovies_Yes",Offer a streaming bundle discount,0
5063-IUOKK,0.0246,Low,"charges_per_month, tenure, MonthlyCharges","MonthlyCharges, InternetService_DSL, StreamingMovies_No",Review plan pricing; offer a cheaper bundle,0
2332-TODQS,0.0243,Low,"charges_per_month, MonthlyCharges, InternetService_DSL","MonthlyCharges, InternetService_DSL, Contract_Two year",Review plan pricing; offer a cheaper bundle,0
0164-XAIRP,0.0242,Low,"charges_per_month, MonthlyCharges, tenure","MonthlyCharges, InternetService_DSL, PaperlessBilling_No",Review plan pricing; offer a cheaper bundle,0
3489-VSFRD,0.0239,Low,"Contract_Two year, TotalCharges, n_services","Contract_Two year, n_services, PaperlessBilling_No",Standard retention call,0
6418-HNFED,0.0238,Low,"n_services, TotalCharges, PaperlessBilling_No","n_services, PaperlessBilling_No, StreamingMovies_Yes",Offer a streaming bundle discount,0
9359-UGBTK,0.0238,Low,"TotalCharges, n_services, Contract_Two year","n_services, Contract_Two year, PaperlessBilling_No",Standard retention call,0
5057-RKGLH,0.0238,Low,"tenure, charges_per_month, MonthlyCharges","MonthlyCharges, InternetService_DSL, StreamingMovies_No",Review plan pricing; offer a cheaper bundle,0
0707-HOVVN,0.0236,Low,"TotalCharges, n_services, PaperlessBilling_No","n_services, PaperlessBilling_No, MultipleLines_No",Standard retention call,0
0230-UBYPQ,0.0235,Low,"charges_per_month, MonthlyCharges, Contract_Two year","MonthlyCharges, Contract_Two year, PhoneService_Yes",Review plan pricing; offer a cheaper bundle,0
3812-LRZIR,0.0235,Low,"charges_per_month, MonthlyCharges, InternetService_DSL","MonthlyCharges, InternetService_DSL, MultipleLines_No",Review plan pricing; offer a cheaper bundle,0
0559-CKHUS,0.0231,Low,"charges_per_month, MonthlyCharges, InternetService_DSL","MonthlyCharges, InternetService_DSL, PaperlessBilling_No",Review plan pricing; offer a cheaper bundle,0
9945-PSVIP,0.0231,Low,"charges_per_month, MonthlyCharges, tenure","MonthlyCharges, InternetService_DSL, PaperlessBilling_No",Review plan pricing; offer a cheaper bundle,0
5924-SNGKP,0.023,Low,"charges_per_month, MonthlyCharges, InternetService_DSL","MonthlyCharges, InternetService_DSL, Contract_Two year",Review plan pricing; offer a cheaper bundle,0
0513-RBGPE,0.0228,Low,"n_services, PaperlessBilling_No, MultipleLines_No","n_services, PaperlessBilling_No, MultipleLines_No",Standard retention call,0
1494-EJZDW,0.0223,Low,"tenure, charges_per_month, MonthlyCharges","MonthlyCharges, InternetService_DSL, StreamingMovies_No",Review plan pricing; offer a cheaper bundle,0
6203-HBZPA,0.022,Low,"n_services, TotalCharges, PhoneService_Yes","n_services, PhoneService_Yes, MultipleLines_No",Standard retention call,0
6701-YVNQG,0.0219,Low,"n_services, TotalCharges, PaperlessBilling_No","n_services, PaperlessBilling_No, MultipleLines_No",Standard retention call,0
5702-KVQRD,0.0218,Low,"TotalCharges, n_services, PaperlessBilling_No","n_services, PaperlessBilling_No, PaymentMethod_Electronic check",Nudge to auto-pay with a small credit,0
5318-YKDPV,0.0212,Low,"n_services, TotalCharges, PaperlessBilling_No","n_services, PaperlessBilling_No, StreamingMovies_Yes",Offer a streaming bundle discount,0
3251-YMVWZ,0.0212,Low,"charges_per_month, MonthlyCharges, InternetService_DSL","MonthlyCharges, InternetService_DSL, Contract_Two year",Review plan pricing; offer a cheaper bundle,0
1090-ESELR,0.0212,Low,"TotalCharges, n_services, InternetService_Fiber optic","n_services, InternetService_Fiber optic, InternetService_DSL",Check fiber quality & price; offer a plan review,0
0057-QBUQH,0.0211,Low,"charges_per_month, MonthlyCharges, InternetService_DSL","MonthlyCharges, InternetService_DSL, PaperlessBilling_No",Review plan pricing; offer a cheaper bundle,0
0788-DXBFY,0.0209,Low,"charges_per_month, MonthlyCharges, InternetService_DSL","MonthlyCharges, InternetService_DSL, Contract_Two year",Review plan pricing; offer a cheaper bundle,0
3865-ZFZIB,0.0209,Low,"charges_per_month, MonthlyCharges, tenure","MonthlyCharges, InternetService_DSL, StreamingMovies_No",Review plan pricing; offer a cheaper bundle,0
4121-AGSIN,0.0208,Low,"charges_per_month, MonthlyCharges, InternetService_DSL","MonthlyCharges, InternetService_DSL, Contract_Two year",Review plan pricing; offer a cheaper bundle,0
9968-FFVVH,0.0207,Low,"n_services, TotalCharges, Contract_Two year","n_services, Contract_Two year, MultipleLines_No",Standard retention call,0
1227-UDMZR,0.0207,Low,"TotalCharges, n_services, PaperlessBilling_No","n_services, PaperlessBilling_No, MultipleLines_No",Standard retention call,0
2266-FUBDZ,0.0206,Low,"charges_per_month, tenure, MonthlyCharges","MonthlyCharges, InternetService_DSL, StreamingMovies_No",Review plan pricing; offer a cheaper bundle,0
9339-FIIJL,0.0205,Low,"TotalCharges, n_services, MultipleLines_No","n_services, MultipleLines_No, StreamingMovies_Yes",Offer a streaming bundle discount,0
8590-OHDIW,0.0204,Low,"charges_per_month, MonthlyCharges, InternetService_DSL","MonthlyCharges, InternetService_DSL, Contract_Two year",Review plan pricing; offer a cheaper bundle,0
6332-FBZRI,0.0203,Low,"n_services, TotalCharges, Contract_Two year","n_services, Contract_Two year, PaperlessBilling_No",Standard retention call,0
5774-QPLTF,0.0203,Low,"charges_per_month, MonthlyCharges, InternetService_DSL","MonthlyCharges, InternetService_DSL, Contract_Two year",Review plan pricing; offer a cheaper bundle,0
0263-FJTQO,0.0203,Low,"n_services, TotalCharges, PaperlessBilling_No","n_services, PaperlessBilling_No, MultipleLines_No",Standard retention call,0
5498-IBWPI,0.0202,Low,"Contract_Two year, charges_per_month, MonthlyCharges","Contract_Two year, MonthlyCharges, PaperlessBilling_No",Review plan pricing; offer a cheaper bundle,0
4751-ERMAN,0.0201,Low,"TotalCharges, n_services, PaperlessBilling_No","n_services, PaperlessBilling_No, StreamingMovies_Yes",Offer a streaming bundle discount,0
0298-XACET,0.0199,Low,"charges_per_month, MonthlyCharges, PhoneService_Yes","MonthlyCharges, PhoneService_Yes, n_services",Review plan pricing; offer a cheaper bundle,0
8626-PTQGE,0.0198,Low,"TotalCharges, n_services, PhoneService_Yes","n_services, PhoneService_Yes, PaperlessBilling_No",Standard retention call,0
4703-MQYKT,0.0196,Low,"charges_per_month, MonthlyCharges, tenure","MonthlyCharges, InternetService_DSL, StreamingMovies_No",Review plan pricing; offer a cheaper bundle,0
2987-BJXIK,0.0195,Low,"TotalCharges, n_services, MultipleLines_No","n_services, MultipleLines_No, StreamingMovies_Yes",Offer a streaming bundle discount,0
2892-GESUL,0.0194,Low,"charges_per_month, MonthlyCharges, tenure","MonthlyCharges, InternetService_DSL, StreamingMovies_No",Review plan pricing; offer a cheaper bundle,0
1122-YJBCS,0.0192,Low,"TotalCharges, Contract_Two year, PaperlessBilling_No","Contract_Two year, PaperlessBilling_No, MonthlyCharges",Review plan pricing; offer a cheaper bundle,0
0909-SELIE,0.0191,Low,"n_services, TotalCharges, PaperlessBilling_No","n_services, PaperlessBilling_No, MultipleLines_No",Standard retention call,0
5696-JVVQY,0.0188,Low,"n_services, TotalCharges, PaperlessBilling_No","n_services, PaperlessBilling_No, StreamingMovies_Yes",Offer a streaming bundle discount,0
9950-MTGYX,0.0186,Low,"charges_per_month, MonthlyCharges, InternetService_DSL","MonthlyCharges, InternetService_DSL, PaperlessBilling_No",Review plan pricing; offer a cheaper bundle,0
8345-MVDYC,0.0185,Low,"n_services, TotalCharges, StreamingMovies_Yes","n_services, StreamingMovies_Yes, StreamingTV_Yes",Offer a streaming bundle discount,0
7216-KAOID,0.0181,Low,"charges_per_month, MonthlyCharges, InternetService_DSL","MonthlyCharges, InternetService_DSL, Contract_Two year",Review plan pricing; offer a cheaper bundle,0
6681-ZSEXG,0.0181,Low,"TotalCharges, n_services, MultipleLines_No","n_services, MultipleLines_No, OnlineSecurity_No",Offer free online-security add-on for 3 months,0
3508-VLHCZ,0.018,Low,"n_services, TotalCharges, PaperlessBilling_No","n_services, PaperlessBilling_No, MultipleLines_No",Standard retention call,0
4039-PIMHX,0.0179,Low,"charges_per_month, MonthlyCharges, SeniorCitizen","MonthlyCharges, OnlineSecurity_No, TechSupport_No",Review plan pricing; offer a cheaper bundle,0
9548-LERKT,0.0178,Low,"charges_per_month, MonthlyCharges, tenure","MonthlyCharges, InternetService_DSL, StreamingMovies_No",Review plan pricing; offer a cheaper bundle,0
0048-PIHNL,0.0178,Low,"charges_per_month, MonthlyCharges, InternetService_DSL","MonthlyCharges, InternetService_DSL, Contract_Two year",Review plan pricing; offer a cheaper bundle,0
3115-CZMZD,0.0177,Low,"tenure, MonthlyCharges, InternetService_DSL","MonthlyCharges, InternetService_DSL, StreamingMovies_No",Review plan pricing; offer a cheaper bundle,0
6064-ZATLR,0.0177,Low,"tenure, MonthlyCharges, charges_per_month","MonthlyCharges, TechSupport_No, TechSupport_No internet service",Review plan pricing; offer a cheaper bundle,0
4955-VCWBI,0.0176,Low,"charges_per_month, MonthlyCharges, InternetService_DSL","MonthlyCharges, InternetService_DSL, Contract_Two year",Review plan pricing; offer a cheaper bundle,0
2824-DXNKN,0.0175,Low,"TotalCharges, n_services, PaperlessBilling_No","n_services, PaperlessBilling_No, MultipleLines_No",Standard retention call,0
4213-HKBJO,0.0174,Low,"charges_per_month, MonthlyCharges, InternetService_DSL","MonthlyCharges, InternetService_DSL, MultipleLines_No",Review plan pricing; offer a cheaper bundle,0
5727-MYATE,0.0173,Low,"n_services, TotalCharges, PaperlessBilling_No","n_services, PaperlessBilling_No, MultipleLines_No",Standard retention call,0
1568-BEKZM,0.0172,Low,"n_services, TotalCharges, MultipleLines_No","n_services, MultipleLines_No, StreamingMovies_Yes",Offer a streaming bundle discount,0
5266-PFRQK,0.0171,Low,"charges_per_month, MonthlyCharges, InternetService_DSL","MonthlyCharges, InternetService_DSL, Contract_Two year",Review plan pricing; offer a cheaper bundle,0
8181-YHCMF,0.017,Low,"TotalCharges, n_services, PhoneService_Yes","n_services, PhoneService_Yes, MultipleLines_No",Standard retention call,0
6685-GBWJZ,0.0168,Low,"TotalCharges, n_services, Contract_Two year","n_services, Contract_Two year, StreamingTV_Yes",Offer a streaming bundle discount,0
0301-FIDRB,0.0167,Low,"n_services, TotalCharges, PhoneService_Yes","n_services, PhoneService_Yes, PaperlessBilling_No",Standard retention call,0
6119-SPUDB,0.0165,Low,"charges_per_month, MonthlyCharges, PhoneService_Yes","MonthlyCharges, PhoneService_Yes, MultipleLines_No",Review plan pricing; offer a cheaper bundle,0
4654-ULTTN,0.0164,Low,"TotalCharges, n_services, PaperlessBilling_No","n_services, PaperlessBilling_No, MultipleLines_No",Standard retention call,0
3161-ONRWK,0.0162,Low,"TotalCharges, n_services, Contract_Two year","n_services, Contract_Two year, PaperlessBilling_No",Standard retention call,0
7649-SIJJF,0.0161,Low,"TotalCharges, n_services, PaperlessBilling_No","n_services, PaperlessBilling_No, MultipleLines_No",Standard retention call,0
8430-TWCBX,0.016,Low,"charges_per_month, MonthlyCharges, InternetService_DSL","MonthlyCharges, InternetService_DSL, Contract_Two year",Review plan pricing; offer a cheaper bundle,0
2805-AUFQN,0.016,Low,"charges_per_month, MonthlyCharges, tenure","MonthlyCharges, InternetService_DSL, StreamingMovies_No",Review plan pricing; offer a cheaper bundle,0
7401-JIXNM,0.0159,Low,"n_services, TotalCharges, MultipleLines_No","n_services, MultipleLines_No, StreamingMovies_Yes",Offer a streaming bundle discount,0
5329-KRDTM,0.0159,Low,"TotalCharges, n_services, MultipleLines_No","n_services, MultipleLines_No, StreamingTV_Yes",Offer a streaming bundle discount,0
9067-SQTNS,0.0158,Low,"charges_per_month, MonthlyCharges, InternetService_DSL","MonthlyCharges, InternetService_DSL, Contract_Two year",Review plan pricing; offer a cheaper bundle,0
9674-EHPPG,0.0157,Low,"charges_per_month, MonthlyCharges, PhoneService_Yes","MonthlyCharges, PhoneService_Yes, MultipleLines_No",Review plan pricing; offer a cheaper bundle,0
9610-WCESF,0.0153,Low,"charges_per_month, MonthlyCharges, PhoneService_Yes","MonthlyCharges, PhoneService_Yes, MultipleLines_No",Review plan pricing; offer a cheaper bundle,0
1088-AUUZZ,0.0153,Low,"n_services, TotalCharges, PaperlessBilling_No","n_services, PaperlessBilling_No, MultipleLines_No",Standard retention call,0
0123-CRBRT,0.015,Low,"n_services, TotalCharges, MultipleLines_No","n_services, MultipleLines_No, StreamingMovies_Yes",Offer a streaming bundle discount,0
8173-RXAYP,0.0149,Low,"charges_per_month, MonthlyCharges, tenure","MonthlyCharges, InternetService_DSL, StreamingMovies_No",Review plan pricing; offer a cheaper bundle,0
8292-ITGYJ,0.0147,Low,"charges_per_month, MonthlyCharges, InternetService_DSL","MonthlyCharges, InternetService_DSL, PaperlessBilling_No",Review plan pricing; offer a cheaper bundle,0
6953-PBDIN,0.0145,Low,"TotalCharges, n_services, MultipleLines_No","n_services, MultipleLines_No, StreamingTV_Yes",Offer a streaming bundle discount,0
5751-USDBL,0.0144,Low,"n_services, TotalCharges, StreamingMovies_Yes","n_services, StreamingMovies_Yes, StreamingTV_Yes",Offer a streaming bundle discount,0
0420-TXVSG,0.0143,Low,"TotalCharges, n_services, PaperlessBilling_No","n_services, PaperlessBilling_No, MultipleLines_No",Standard retention call,0
9073-ZZIAY,0.014,Low,"n_services, TotalCharges, PaymentMethod_Electronic check","n_services, PaymentMethod_Electronic check, StreamingMovies_Yes",Nudge to auto-pay with a small credit,0
8580-QVLOC,0.0138,Low,"TotalCharges, n_services, MultipleLines_No","n_services, MultipleLines_No, StreamingMovies_Yes",Offer a streaming bundle discount,1
1459-QNFQT,0.0138,Low,"TotalCharges, n_services, PhoneService_Yes","n_services, PhoneService_Yes, MultipleLines_No",Standard retention call,0
2990-IAJSV,0.0137,Low,"TotalCharges, n_services, MultipleLines_No","n_services, MultipleLines_No, StreamingMovies_Yes",Offer a streaming bundle discount,0
7205-BAIAD,0.0137,Low,"charges_per_month, MonthlyCharges, InternetService_DSL","MonthlyCharges, InternetService_DSL, PaperlessBilling_No",Review plan pricing; offer a cheaper bundle,0
3967-KXAPS,0.0136,Low,"TotalCharges, n_services, MultipleLines_No","n_services, MultipleLines_No, StreamingMovies_Yes",Offer a streaming bundle discount,0
4825-FUREZ,0.0134,Low,"charges_per_month, MonthlyCharges, InternetService_DSL","MonthlyCharges, InternetService_DSL, PaymentMethod_Electronic check",Review plan pricing; offer a cheaper bundle,0
4335-UPJSI,0.0134,Low,"charges_per_month, MonthlyCharges, tenure","MonthlyCharges, InternetService_DSL, StreamingMovies_No",Review plan pricing; offer a cheaper bundle,0
3978-YNKDD,0.0134,Low,"charges_per_month, MonthlyCharges, tenure","MonthlyCharges, InternetService_DSL, StreamingMovies_No",Review plan pricing; offer a cheaper bundle,0
2649-HWLYB,0.0132,Low,"TotalCharges, n_services, MultipleLines_No","n_services, MultipleLines_No, StreamingMovies_Yes",Offer a streaming bundle discount,0
0839-JTCUD,0.013,Low,"n_services, TotalCharges, MultipleLines_No","n_services, MultipleLines_No, StreamingMovies_Yes",Offer a streaming bundle discount,0
2885-HIJDH,0.0129,Low,"TotalCharges, n_services, MultipleLines_No","n_services, MultipleLines_No, StreamingMovies_Yes",Offer a streaming bundle discount,0
6096-EGVTU,0.0129,Low,"charges_per_month, MonthlyCharges, InternetService_DSL","MonthlyCharges, InternetService_DSL, Contract_Two year",Review plan pricing; offer a cheaper bundle,0
2263-SFSQZ,0.0129,Low,"charges_per_month, MonthlyCharges, InternetService_DSL","MonthlyCharges, InternetService_DSL, PaperlessBilling_No",Review plan pricing; offer a cheaper bundle,0
6388-TABGU,0.0125,Low,"TotalCharges, Contract_Two year, MonthlyCharges","Contract_Two year, MonthlyCharges, TechSupport_No",Review plan pricing; offer a cheaper bundle,0
3487-EARAT,0.0125,Low,"TotalCharges, n_services, Contract_Two year","n_services, Contract_Two year, StreamingMovies_Yes",Offer a streaming bundle discount,0
0625-AFOHS,0.0125,Low,"charges_per_month, MonthlyCharges, InternetService_DSL","MonthlyCharges, InternetService_DSL, StreamingMovies_No",Review plan pricing; offer a cheaper bundle,0
0052-YNYOT,0.0124,Low,"charges_per_month, MonthlyCharges, InternetService_DSL","MonthlyCharges, InternetService_DSL, Contract_Two year",Review plan pricing; offer a cheaper bundle,0
0769-MURVM,0.0121,Low,"n_services, TotalCharges, PhoneService_Yes","n_services, PhoneService_Yes, MultipleLines_No",Standard retention call,0
4521-WFJAI,0.0121,Low,"charges_per_month, MonthlyCharges, InternetService_DSL","MonthlyCharges, InternetService_DSL, PaperlessBilling_No",Review plan pricing; offer a cheaper bundle,0
0732-OCQOC,0.012,Low,"charges_per_month, MonthlyCharges, InternetService_DSL","MonthlyCharges, InternetService_DSL, PaperlessBilling_No",Review plan pricing; offer a cheaper bundle,0
8219-VYBVI,0.0119,Low,"charges_per_month, MonthlyCharges, InternetService_DSL","MonthlyCharges, InternetService_DSL, MultipleLines_No",Review plan pricing; offer a cheaper bundle,0
7408-OFWXJ,0.0116,Low,"TotalCharges, n_services, MultipleLines_No","n_services, MultipleLines_No, StreamingMovies_Yes",Offer a streaming bundle discount,0
4674-HGNUA,0.0116,Low,"TotalCharges, n_services, MultipleLines_No","n_services, MultipleLines_No, StreamingMovies_Yes",Offer a streaming bundle discount,0
2925-VDZHY,0.0115,Low,"TotalCharges, n_services, MultipleLines_No","n_services, MultipleLines_No, StreamingMovies_Yes",Offer a streaming bundle discount,0
5324-KTGCG,0.0111,Low,"charges_per_month, MonthlyCharges, InternetService_DSL","MonthlyCharges, InternetService_DSL, Contract_Two year",Review plan pricing; offer a cheaper bundle,0
0379-DJQHR,0.0111,Low,"TotalCharges, n_services, StreamingMovies_Yes","n_services, StreamingMovies_Yes, StreamingTV_Yes",Offer a streaming bundle discount,0
7560-QJAVJ,0.0109,Low,"TotalCharges, n_services, StreamingMovies_Yes","n_services, StreamingMovies_Yes, StreamingTV_Yes",Offer a streaming bundle discount,0
5803-NQJZO,0.0109,Low,"TotalCharges, n_services, PaperlessBilling_No","n_services, PaperlessBilling_No, MultipleLines_No",Standard retention call,0
6292-TOSSS,0.0106,Low,"charges_per_month, MonthlyCharges, InternetService_DSL","MonthlyCharges, InternetService_DSL, MultipleLines_No",Review plan pricing; offer a cheaper bundle,0
6080-LNESI,0.0104,Low,"charges_per_month, MonthlyCharges, InternetService_DSL","MonthlyCharges, InternetService_DSL, MultipleLines_No",Review plan pricing; offer a cheaper bundle,0
5181-OABFK,0.0104,Low,"TotalCharges, n_services, PaperlessBilling_No","n_services, PaperlessBilling_No, TechSupport_No",Offer free tech-support trial,0
5845-BZZIB,0.0103,Low,"charges_per_month, MonthlyCharges, InternetService_DSL","MonthlyCharges, InternetService_DSL, StreamingMovies_No",Review plan pricing; offer a cheaper bundle,0
8241-JUIQO,0.0103,Low,"charges_per_month, MonthlyCharges, InternetService_DSL","MonthlyCharges, InternetService_DSL, Contract_Two year",Review plan pricing; offer a cheaper bundle,0
2954-PIBKO,0.0102,Low,"TotalCharges, n_services, PaperlessBilling_No","n_services, PaperlessBilling_No, MultipleLines_No",Standard retention call,0
0608-JDVEC,0.0101,Low,"charges_per_month, MonthlyCharges, InternetService_DSL","MonthlyCharges, InternetService_DSL, PaymentMethod_Electronic check",Review plan pricing; offer a cheaper bundle,0
7998-WNZEM,0.0099,Low,"TotalCharges, n_services, MultipleLines_No","n_services, MultipleLines_No, StreamingMovies_Yes",Offer a streaming bundle discount,0
5296-BFCYD,0.0099,Low,"charges_per_month, MonthlyCharges, InternetService_DSL","MonthlyCharges, InternetService_DSL, PaperlessBilling_No",Review plan pricing; offer a cheaper bundle,0
4735-BJKOU,0.0099,Low,"charges_per_month, MonthlyCharges, InternetService_DSL","MonthlyCharges, InternetService_DSL, StreamingMovies_No",Review plan pricing; offer a cheaper bundle,0
4302-ZYFEL,0.0098,Low,"charges_per_month, MonthlyCharges, InternetService_DSL","MonthlyCharges, InternetService_DSL, Contract_Two year",Review plan pricing; offer a cheaper bundle,0
9588-YRFHY,0.0098,Low,"charges_per_month, MonthlyCharges, InternetService_DSL","MonthlyCharges, InternetService_DSL, PaperlessBilling_No",Review plan pricing; offer a cheaper bundle,0
1085-LDWAM,0.0097,Low,"charges_per_month, MonthlyCharges, InternetService_DSL","MonthlyCharges, InternetService_DSL, Contract_Two year",Review plan pricing; offer a cheaper bundle,0
4779-ZGICK,0.0096,Low,"charges_per_month, MonthlyCharges, InternetService_DSL","MonthlyCharges, InternetService_DSL, MultipleLines_No",Review plan pricing; offer a cheaper bundle,0
6164-HAQTX,0.0096,Low,"TotalCharges, n_services, PhoneService_Yes","n_services, PhoneService_Yes, MonthlyCharges",Review plan pricing; offer a cheaper bundle,0
6248-BSHKG,0.0094,Low,"charges_per_month, MonthlyCharges, InternetService_DSL","MonthlyCharges, InternetService_DSL, Contract_Two year",Review plan pricing; offer a cheaper bundle,0
4940-KHCWD,0.0094,Low,"charges_per_month, MonthlyCharges, PhoneService_Yes","MonthlyCharges, PhoneService_Yes, MultipleLines_No",Review plan pricing; offer a cheaper bundle,0
6169-PPETC,0.0093,Low,"charges_per_month, MonthlyCharges, InternetService_DSL","MonthlyCharges, InternetService_DSL, StreamingMovies_No",Review plan pricing; offer a cheaper bundle,0
3580-GICBM,0.0093,Low,"charges_per_month, MonthlyCharges, InternetService_DSL","MonthlyCharges, InternetService_DSL, PaperlessBilling_No",Review plan pricing; offer a cheaper bundle,0
1697-LYYYX,0.0091,Low,"charges_per_month, MonthlyCharges, InternetService_DSL","MonthlyCharges, InternetService_DSL, Contract_Two year",Review plan pricing; offer a cheaper bundle,0
8028-PNXHQ,0.009,Low,"charges_per_month, MonthlyCharges, InternetService_DSL","MonthlyCharges, InternetService_DSL, PaperlessBilling_No",Review plan pricing; offer a cheaper bundle,0
6288-CHQJB,0.0089,Low,"TotalCharges, n_services, StreamingMovies_Yes","n_services, StreamingMovies_Yes, StreamingMovies_No",Offer a streaming bundle discount,0
4018-PPNDW,0.0089,Low,"charges_per_month, MonthlyCharges, InternetService_DSL","MonthlyCharges, InternetService_DSL, PaperlessBilling_No",Review plan pricing; offer a cheaper bundle,0
1047-RNXZV,0.0088,Low,"charges_per_month, MonthlyCharges, InternetService_DSL","MonthlyCharges, InternetService_DSL, StreamingMovies_No",Review plan pricing; offer a cheaper bundle,0
5666-MBJPT,0.0088,Low,"charges_per_month, MonthlyCharges, InternetService_DSL","MonthlyCharges, InternetService_DSL, PaperlessBilling_No",Review plan pricing; offer a cheaper bundle,0
3470-OBUET,0.0088,Low,"TotalCharges, n_services, MultipleLines_No","n_services, MultipleLines_No, StreamingTV_Yes",Offer a streaming bundle discount,0
6374-AFWOX,0.0087,Low,"n_services, TotalCharges, Partner_No","n_services, StreamingMovies_No internet service, StreamingTV_No internet service",Standard retention call,0
8338-QIUNR,0.0085,Low,"TotalCharges, n_services, PaperlessBilling_No","n_services, PaperlessBilling_No, MultipleLines_No",Standard retention call,0
4299-OPXEJ,0.0083,Low,"charges_per_month, MonthlyCharges, InternetService_DSL","MonthlyCharges, InternetService_DSL, PaperlessBilling_No",Review plan pricing; offer a cheaper bundle,0
5334-AFQJB,0.0082,Low,"charges_per_month, MonthlyCharges, InternetService_DSL","MonthlyCharges, InternetService_DSL, PaperlessBilling_No",Review plan pricing; offer a cheaper bundle,0
3071-MVJCD,0.0082,Low,"TotalCharges, n_services, MultipleLines_No","n_services, MultipleLines_No, StreamingTV_Yes",Offer a streaming bundle discount,0
4012-YCFAI,0.0082,Low,"TotalCharges, n_services, PaperlessBilling_No","n_services, PaperlessBilling_No, StreamingTV_No internet service",Standard retention call,0
8532-UEFWH,0.0082,Low,"charges_per_month, MonthlyCharges, InternetService_DSL","MonthlyCharges, InternetService_DSL, MultipleLines_No",Review plan pricing; offer a cheaper bundle,0
4785-FCIFB,0.0081,Low,"charges_per_month, MonthlyCharges, InternetService_DSL","MonthlyCharges, InternetService_DSL, MultipleLines_No",Review plan pricing; offer a cheaper bundle,0
3948-KXDUF,0.0081,Low,"n_services, TotalCharges, MultipleLines_No","n_services, MultipleLines_No, StreamingMovies_No internet service",Standard retention call,0
9114-DPSIA,0.0081,Low,"TotalCharges, n_services, MultipleLines_No","n_services, MultipleLines_No, StreamingMovies_Yes",Offer a streaming bundle discount,0
6917-FIJHC,0.008,Low,"charges_per_month, MonthlyCharges, InternetService_DSL","MonthlyCharges, InternetService_DSL, PaperlessBilling_No",Review plan pricing; offer a cheaper bundle,0
0562-FGDCR,0.0079,Low,"TotalCharges, n_services, MultipleLines_No","n_services, MultipleLines_No, StreamingTV_Yes",Offer a streaming bundle discount,0
5457-COLHT,0.0079,Low,"TotalCharges, n_services, StreamingMovies_Yes","n_services, StreamingMovies_Yes, StreamingTV_Yes",Offer a streaming bundle discount,0
3913-FCUUW,0.0079,Low,"TotalCharges, n_services, PaperlessBilling_No","n_services, PaperlessBilling_No, MultipleLines_No",Standard retention call,0
2632-TACXW,0.0077,Low,"charges_per_month, MonthlyCharges, InternetService_DSL","MonthlyCharges, InternetService_DSL, MultipleLines_No",Review plan pricing; offer a cheaper bundle,0
4698-KVLLG,0.0077,Low,"charges_per_month, MonthlyCharges, InternetService_DSL","MonthlyCharges, InternetService_DSL, StreamingMovies_No",Review plan pricing; offer a cheaper bundle,0
3200-MNQTF,0.0077,Low,"n_services, TotalCharges, MultipleLines_No","n_services, MultipleLines_No, StreamingMovies_No internet service",Standard retention call,0
3884-UEBXB,0.0076,Low,"charges_per_month, MonthlyCharges, PhoneService_Yes","MonthlyCharges, PhoneService_Yes, MultipleLines_No",Review plan pricing; offer a cheaper bundle,0
1716-LSAMB,0.0076,Low,"MonthlyCharges, Partner_No, charges_per_month","MonthlyCharges, TechSupport_No internet service, StreamingMovies_No internet service",Review plan pricing; offer a cheaper bundle,0
3088-FVYWK,0.0076,Low,"charges_per_month, MonthlyCharges, InternetService_DSL","MonthlyCharges, InternetService_DSL, MultipleLines_No",Review plan pricing; offer a cheaper bundle,0
1926-QUZNN,0.0076,Low,"charges_per_month, MonthlyCharges, InternetService_DSL","MonthlyCharges, InternetService_DSL, PaperlessBilling_No",Review plan pricing; offer a cheaper bundle,0
8207-VVMYB,0.0076,Low,"charges_per_month, MonthlyCharges, InternetService_DSL","MonthlyCharges, InternetService_DSL, PaperlessBilling_No",Review plan pricing; offer a cheaper bundle,0
3967-VQOGC,0.0075,Low,"charges_per_month, MonthlyCharges, InternetService_DSL","MonthlyCharges, InternetService_DSL, PaperlessBilling_No",Review plan pricing; offer a cheaper bundle,0
6370-ZVHDV,0.0075,Low,"charges_per_month, MonthlyCharges, InternetService_DSL","MonthlyCharges, InternetService_DSL, MultipleLines_No",Review plan pricing; offer a cheaper bundle,0
0463-TXOAK,0.0074,Low,"charges_per_month, MonthlyCharges, InternetService_DSL","MonthlyCharges, InternetService_DSL, MultipleLines_No",Review plan pricing; offer a cheaper bundle,0
6134-KWTBV,0.0073,Low,"charges_per_month, MonthlyCharges, InternetService_DSL","MonthlyCharges, InternetService_DSL, MultipleLines_No",Review plan pricing; offer a cheaper bundle,0
9755-JHNMN,0.0073,Low,"n_services, TotalCharges, Dependents_Yes","n_services, StreamingMovies_No internet service, StreamingTV_No internet service",Standard retention call,0
6365-HITVU,0.0072,Low,"TotalCharges, n_services, StreamingMovies_Yes","n_services, StreamingMovies_Yes, StreamingTV_Yes",Offer a streaming bundle discount,0
3511-BFTJW,0.0071,Low,"charges_per_month, MonthlyCharges, PhoneService_Yes","MonthlyCharges, PhoneService_Yes, MultipleLines_No",Review plan pricing; offer a cheaper bundle,0
6283-GITPX,0.007,Low,"TotalCharges, n_services, PaperlessBilling_No","n_services, PaperlessBilling_No, StreamingTV_Yes",Offer a streaming bundle discount,0
8701-DGLVH,0.0068,Low,"charges_per_month, MonthlyCharges, InternetService_DSL","MonthlyCharges, InternetService_DSL, StreamingMovies_No",Review plan pricing; offer a cheaper bundle,0
1705-GUHPV,0.0068,Low,"charges_per_month, MonthlyCharges, InternetService_DSL","MonthlyCharges, InternetService_DSL, MultipleLines_No",Review plan pricing; offer a cheaper bundle,0
3970-XGJDU,0.0067,Low,"charges_per_month, MonthlyCharges, InternetService_DSL","MonthlyCharges, InternetService_DSL, PaperlessBilling_No",Review plan pricing; offer a cheaper bundle,0
3027-YNWZU,0.0067,Low,"charges_per_month, MonthlyCharges, InternetService_DSL","MonthlyCharges, InternetService_DSL, MultipleLines_No",Review plan pricing; offer a cheaper bundle,0
2230-XTUWL,0.0067,Low,"charges_per_month, MonthlyCharges, InternetService_DSL","MonthlyCharges, InternetService_DSL, StreamingMovies_No",Review plan pricing; offer a cheaper bundle,0
4742-TXUEX,0.0067,Low,"charges_per_month, MonthlyCharges, InternetService_DSL","MonthlyCharges, InternetService_DSL, StreamingMovies_No",Review plan pricing; offer a cheaper bundle,0
1709-EJDOX,0.0066,Low,"charges_per_month, MonthlyCharges, InternetService_DSL","MonthlyCharges, InternetService_DSL, StreamingMovies_No",Review plan pricing; offer a cheaper bundle,0
3795-GWTRD,0.0065,Low,"n_services, TotalCharges, Partner_No","n_services, StreamingTV_Yes, StreamingTV_No",Offer a streaming bundle discount,0
1820-DJFPH,0.0064,Low,"charges_per_month, MonthlyCharges, InternetService_DSL","MonthlyCharges, InternetService_DSL, PaperlessBilling_No",Review plan pricing; offer a cheaper bundle,0
1767-CJKBA,0.0062,Low,"charges_per_month, MonthlyCharges, InternetService_DSL","MonthlyCharges, InternetService_DSL, MultipleLines_No",Review plan pricing; offer a cheaper bundle,0
8735-SDUFN,0.0062,Low,"charges_per_month, MonthlyCharges, InternetService_DSL","MonthlyCharges, InternetService_DSL, MultipleLines_No",Review plan pricing; offer a cheaper bundle,0
9372-TXXPS,0.0062,Low,"TotalCharges, n_services, Partner_No","n_services, MonthlyCharges, StreamingMovies_No internet service",Review plan pricing; offer a cheaper bundle,0
9814-AOUDH,0.0061,Low,"charges_per_month, MonthlyCharges, InternetService_DSL","MonthlyCharges, InternetService_DSL, StreamingMovies_No",Review plan pricing; offer a cheaper bundle,0
3836-FZSDJ,0.0061,Low,"charges_per_month, MonthlyCharges, InternetService_DSL","MonthlyCharges, InternetService_DSL, MultipleLines_No",Review plan pricing; offer a cheaper bundle,0
6349-JDHQP,0.0061,Low,"charges_per_month, MonthlyCharges, InternetService_DSL","MonthlyCharges, InternetService_DSL, StreamingMovies_No",Review plan pricing; offer a cheaper bundle,0
3454-JFUBC,0.006,Low,"charges_per_month, MonthlyCharges, InternetService_DSL","MonthlyCharges, InternetService_DSL, PaperlessBilling_No",Review plan pricing; offer a cheaper bundle,0
1862-QRWPE,0.006,Low,"charges_per_month, MonthlyCharges, InternetService_DSL","MonthlyCharges, InternetService_DSL, StreamingMovies_No",Review plan pricing; offer a cheaper bundle,0
9430-NKQLY,0.006,Low,"charges_per_month, MonthlyCharges, InternetService_DSL","MonthlyCharges, InternetService_DSL, PaperlessBilling_No",Review plan pricing; offer a cheaper bundle,0
3400-ESFUW,0.006,Low,"TotalCharges, n_services, Partner_No","n_services, MonthlyCharges, StreamingMovies_No internet service",Review plan pricing; offer a cheaper bundle,1
2696-RZVZW,0.006,Low,"charges_per_month, MonthlyCharges, InternetService_DSL","MonthlyCharges, InternetService_DSL, MultipleLines_No",Review plan pricing; offer a cheaper bundle,0
7167-PCEYD,0.0059,Low,"charges_per_month, MonthlyCharges, InternetService_DSL","MonthlyCharges, InternetService_DSL, PaperlessBilling_No",Review plan pricing; offer a cheaper bundle,0
3429-IFLEM,0.0059,Low,"TotalCharges, n_services, StreamingTV_Yes","n_services, StreamingTV_Yes, StreamingTV_No",Offer a streaming bundle discount,0
1574-DYCWE,0.0058,Low,"charges_per_month, MonthlyCharges, InternetService_DSL","MonthlyCharges, InternetService_DSL, StreamingMovies_No",Review plan pricing; offer a cheaper bundle,0
3646-ITDGM,0.0058,Low,"charges_per_month, MonthlyCharges, InternetService_DSL","MonthlyCharges, InternetService_DSL, StreamingMovies_No",Review plan pricing; offer a cheaper bundle,0
6625-FLENO,0.0057,Low,"charges_per_month, MonthlyCharges, InternetService_DSL","MonthlyCharges, InternetService_DSL, StreamingMovies_No",Review plan pricing; offer a cheaper bundle,0
4312-KFRXN,0.0056,Low,"charges_per_month, MonthlyCharges, InternetService_DSL","MonthlyCharges, InternetService_DSL, MultipleLines_No",Review plan pricing; offer a cheaper bundle,0
6340-DACFT,0.0055,Low,"charges_per_month, MonthlyCharges, InternetService_DSL","MonthlyCharges, InternetService_DSL, StreamingMovies_No",Review plan pricing; offer a cheaper bundle,0
9286-BHDQG,0.0055,Low,"charges_per_month, MonthlyCharges, PhoneService_Yes","MonthlyCharges, PhoneService_Yes, n_services",Review plan pricing; offer a cheaper bundle,0
9135-HSWOC,0.0053,Low,"charges_per_month, MonthlyCharges, InternetService_DSL","MonthlyCharges, InternetService_DSL, PaperlessBilling_No",Review plan pricing; offer a cheaper bundle,0
2525-GVKQU,0.0053,Low,"charges_per_month, MonthlyCharges, InternetService_DSL","MonthlyCharges, InternetService_DSL, StreamingMovies_No",Review plan pricing; offer a cheaper bundle,0
2169-RRLFW,0.0051,Low,"charges_per_month, MonthlyCharges, InternetService_DSL","MonthlyCharges, InternetService_DSL, MultipleLines_No",Review plan pricing; offer a cheaper bundle,0
7114-AEOZE,0.0051,Low,"charges_per_month, MonthlyCharges, InternetService_DSL","MonthlyCharges, InternetService_DSL, StreamingMovies_No",Review plan pricing; offer a cheaper bundle,0
7729-XBTWX,0.005,Low,"charges_per_month, MonthlyCharges, InternetService_DSL","MonthlyCharges, InternetService_DSL, PaperlessBilling_No",Review plan pricing; offer a cheaper bundle,0
8129-GMVGI,0.005,Low,"charges_per_month, MonthlyCharges, InternetService_DSL","MonthlyCharges, InternetService_DSL, StreamingMovies_No",Review plan pricing; offer a cheaper bundle,0
0040-HALCW,0.0049,Low,"charges_per_month, MonthlyCharges, InternetService_DSL","MonthlyCharges, InternetService_DSL, StreamingMovies_No",Review plan pricing; offer a cheaper bundle,0
2075-PUEPR,0.0048,Low,"charges_per_month, MonthlyCharges, InternetService_DSL","MonthlyCharges, InternetService_DSL, StreamingMovies_No",Review plan pricing; offer a cheaper bundle,0
8590-YFFQO,0.0047,Low,"TotalCharges, n_services, Partner_No","n_services, StreamingMovies_No internet service, StreamingTV_No internet service",Standard retention call,0
7606-BPHHN,0.0046,Low,"charges_per_month, MonthlyCharges, InternetService_DSL","MonthlyCharges, InternetService_DSL, PaperlessBilling_No",Review plan pricing; offer a cheaper bundle,0
2616-FLVQC,0.0045,Low,"charges_per_month, MonthlyCharges, InternetService_DSL","MonthlyCharges, InternetService_DSL, StreamingMovies_No",Review plan pricing; offer a cheaper bundle,0
6848-HJTXY,0.0045,Low,"charges_per_month, MonthlyCharges, InternetService_DSL","MonthlyCharges, InternetService_DSL, StreamingMovies_No",Review plan pricing; offer a cheaper bundle,0
9365-CSLBQ,0.0045,Low,"charges_per_month, MonthlyCharges, InternetService_DSL","MonthlyCharges, InternetService_DSL, MultipleLines_No",Review plan pricing; offer a cheaper bundle,0
8347-GDTMP,0.0045,Low,"charges_per_month, MonthlyCharges, InternetService_DSL","MonthlyCharges, InternetService_DSL, StreamingMovies_No",Review plan pricing; offer a cheaper bundle,0
1555-HAPSU,0.0044,Low,"charges_per_month, MonthlyCharges, InternetService_DSL","MonthlyCharges, InternetService_DSL, MultipleLines_No",Review plan pricing; offer a cheaper bundle,0
0402-OAMEN,0.0044,Low,"charges_per_month, MonthlyCharges, InternetService_DSL","MonthlyCharges, InternetService_DSL, MultipleLines_No",Review plan pricing; offer a cheaper bundle,0
8165-ZJRNM,0.0044,Low,"charges_per_month, MonthlyCharges, InternetService_DSL","MonthlyCharges, InternetService_DSL, MultipleLines_No",Review plan pricing; offer a cheaper bundle,0
8711-LOBKY,0.0044,Low,"charges_per_month, MonthlyCharges, InternetService_DSL","MonthlyCharges, InternetService_DSL, StreamingMovies_No",Review plan pricing; offer a cheaper bundle,0
8224-KDLKN,0.0044,Low,"charges_per_month, MonthlyCharges, InternetService_DSL","MonthlyCharges, InternetService_DSL, MultipleLines_No",Review plan pricing; offer a cheaper bundle,0
2346-LOCWC,0.0043,Low,"charges_per_month, MonthlyCharges, InternetService_DSL","MonthlyCharges, InternetService_DSL, StreamingMovies_No",Review plan pricing; offer a cheaper bundle,0
7717-BICXI,0.0043,Low,"charges_per_month, MonthlyCharges, InternetService_DSL","MonthlyCharges, InternetService_DSL, StreamingMovies_No",Review plan pricing; offer a cheaper bundle,0
0174-QRVVY,0.0042,Low,"charges_per_month, MonthlyCharges, InternetService_DSL","MonthlyCharges, InternetService_DSL, MultipleLines_No",Review plan pricing; offer a cheaper bundle,0
1945-XISKS,0.0042,Low,"charges_per_month, MonthlyCharges, InternetService_DSL","MonthlyCharges, InternetService_DSL, StreamingMovies_No",Review plan pricing; offer a cheaper bundle,0
7157-SMCFK,0.0041,Low,"charges_per_month, MonthlyCharges, InternetService_DSL","MonthlyCharges, InternetService_DSL, StreamingMovies_No",Review plan pricing; offer a cheaper bundle,0
0480-KYJVA,0.0041,Low,"charges_per_month, MonthlyCharges, InternetService_DSL","MonthlyCharges, InternetService_DSL, MultipleLines_No",Review plan pricing; offer a cheaper bundle,0
7515-LODFU,0.0041,Low,"charges_per_month, MonthlyCharges, InternetService_DSL","MonthlyCharges, InternetService_DSL, StreamingMovies_No",Review plan pricing; offer a cheaper bundle,0
4821-WQOYN,0.0041,Low,"charges_per_month, MonthlyCharges, InternetService_DSL","MonthlyCharges, InternetService_DSL, PaperlessBilling_No",Review plan pricing; offer a cheaper bundle,0
6345-FZOQH,0.004,Low,"charges_per_month, MonthlyCharges, InternetService_DSL","MonthlyCharges, InternetService_DSL, StreamingMovies_No",Review plan pricing; offer a cheaper bundle,0
3563-SVYLG,0.004,Low,"TotalCharges, n_services, Partner_No","n_services, TechSupport_No internet service, StreamingMovies_No internet service",Offer free tech-support trial,0
8619-IJNDK,0.0038,Low,"TotalCharges, n_services, Partner_No","n_services, TechSupport_No internet service, StreamingMovies_No internet service",Offer free tech-support trial,0
0397-ZXWQF,0.0038,Low,"charges_per_month, MonthlyCharges, InternetService_DSL","MonthlyCharges, InternetService_DSL, StreamingMovies_No",Review plan pricing; offer a cheaper bundle,0
2236-HILPA,0.0038,Low,"charges_per_month, MonthlyCharges, InternetService_DSL","MonthlyCharges, InternetService_DSL, StreamingMovies_No",Review plan pricing; offer a cheaper bundle,0
1830-IPXVJ,0.0038,Low,"charges_per_month, MonthlyCharges, InternetService_DSL","MonthlyCharges, InternetService_DSL, StreamingMovies_No",Review plan pricing; offer a cheaper bundle,0
0962-CQPWQ,0.0038,Low,"charges_per_month, MonthlyCharges, InternetService_DSL","MonthlyCharges, InternetService_DSL, StreamingMovies_No",Review plan pricing; offer a cheaper bundle,0
7602-DBTOU,0.0037,Low,"charges_per_month, MonthlyCharges, InternetService_DSL","MonthlyCharges, InternetService_DSL, StreamingMovies_No",Review plan pricing; offer a cheaper bundle,0
3910-MRQOY,0.0034,Low,"charges_per_month, MonthlyCharges, InternetService_DSL","MonthlyCharges, InternetService_DSL, StreamingMovies_No",Review plan pricing; offer a cheaper bundle,0
1927-QEWMY,0.0033,Low,"charges_per_month, MonthlyCharges, InternetService_DSL","MonthlyCharges, InternetService_DSL, StreamingMovies_No",Review plan pricing; offer a cheaper bundle,0
9537-JALFH,0.0031,Low,"charges_per_month, MonthlyCharges, InternetService_DSL","MonthlyCharges, InternetService_DSL, StreamingMovies_No",Review plan pricing; offer a cheaper bundle,0
2984-RGEYA,0.0031,Low,"charges_per_month, MonthlyCharges, InternetService_DSL","MonthlyCharges, InternetService_DSL, StreamingMovies_No",Review plan pricing; offer a cheaper bundle,0
3642-BYHDO,0.0029,Low,"charges_per_month, MonthlyCharges, InternetService_DSL","MonthlyCharges, InternetService_DSL, StreamingMovies_No",Review plan pricing; offer a cheaper bundle,0
4277-BWBML,0.0029,Low,"charges_per_month, MonthlyCharges, InternetService_DSL","MonthlyCharges, InternetService_DSL, StreamingMovies_No",Review plan pricing; offer a cheaper bundle,0
1403-GYAFU,0.0029,Low,"charges_per_month, MonthlyCharges, InternetService_DSL","MonthlyCharges, InternetService_DSL, StreamingMovies_No",Review plan pricing; offer a cheaper bundle,0
4086-WITJG,0.0029,Low,"charges_per_month, MonthlyCharges, InternetService_DSL","MonthlyCharges, InternetService_DSL, StreamingMovies_No",Review plan pricing; offer a cheaper bundle,0
1166-PQLGG,0.0028,Low,"charges_per_month, MonthlyCharges, InternetService_DSL","MonthlyCharges, InternetService_DSL, StreamingMovies_No",Review plan pricing; offer a cheaper bundle,0
0794-YVSGE,0.0028,Low,"charges_per_month, MonthlyCharges, InternetService_DSL","MonthlyCharges, InternetService_DSL, StreamingMovies_No",Review plan pricing; offer a cheaper bundle,0
